PK,NOMBRE,same_as_wikidata_museum,DESCRIPCION-ENTIDAD,HORARIO,METRO,same_as_wikidata_metro,BUS,RENFE,ACCESIBILIDAD,CONTENT-URL,DIRECCION,same_as_wikidata_direccion,NUM,DISTRITO,same_as_wikidata_distrito,LATITUD,LONGITUD,TELEFONO,EMAIL,TIPO
5989871,Auditorio Carmen Laforet (Ciudad Lineal),,Ubicado en el Centro de Mayores Carmen Laforet,"De lunes a sabado, de 9 a 21 horas.",Pinar de Chamartin,https://www.wikidata.org/entity/Q921800,"29, 125, 129, 150",Sin Renfe,ACCESSIBLE,http://www.madrid.es/sites/v/index.jsp?vgnextchannel=bfa48ab43d6bb410VgnVCM100000171f5a0aRCRD&vgnextoid=fca22248514ae210VgnVCM1000000b205a0aRCRD,CALLE JAZMIN,,46,Ciudad Lineal,https://www.wikidata.org/entity/Q1763694,40.47967249471556,-3.6657243894913565,913 831 456,cscsiena@madrid.es,AuditoriosSalasConcierto
2389,Auditorio al aire libre. Parque del Calero,,,,Quintana,https://www.wikidata.org/entity/Q2480845,"21, 146, 48.  ",Sin Renfe,ACCESSIBLE,http://www.madrid.es/sites/v/index.jsp?vgnextchannel=bfa48ab43d6bb410VgnVCM100000171f5a0aRCRD&vgnextoid=c6237b503a71c010VgnVCM1000000b205a0aRCRD,"Calle de Jose del Hierro, Madrid",https://www.wikidata.org/entity/Q29910699,3,Ciudad Lineal,https://www.wikidata.org/entity/Q1763694,40.43629956289038,-3.6504096146979457,"917654317 - unicamente informacion sobre la propia instalacion, la informacion sobre las actividades se consulta a traves de las publicaciones especificas de cada una de ellas.",cultuclineal@madrid.es,AuditoriosSalasConcierto
139451,Auditorio y sala de exposiciones Paco de Lucia (Latina),,,Cerrado durante todo el mes de agosto.,Aluche,https://www.wikidata.org/entity/Q2058531,"Lineas: 138, 139, 155, 17. ",Linea C 5. Estacion: Aluche.,ACCESSIBLE,http://www.madrid.es/sites/v/index.jsp?vgnextchannel=bfa48ab43d6bb410VgnVCM100000171f5a0aRCRD&vgnextoid=6089ba61e681c010VgnVCM1000000b205a0aRCRD,"Avenida de Las Aguilas, Madrid",https://www.wikidata.org/entity/Q29405114,2,Latina,https://www.wikidata.org/entity/Q794954,40.38493929920335,-3.7641963952601154,915 120 890,Sin email,CentrosCulturales
84763,Centro Comunitario Casino de la Reina,,,"De apertura   De lunes a viernes, de 8:30 a 21:30 horas Sabados, de 10 a 15 horas y de 16 a 21:30 horas Domingos cerrado.   De atencion de los Trabajadores Sociales Comunitarios (no es necesaria cita previa)   Lunes a jueves, de 9 a 19 horas Viernes, de 9 a 14 horas Julio y agosto, de 9 a 15 horas.",Acacias / Embajadores,https://www.wikidata.org/entity/Q2305840,"M1, 148, 41, 60, C03, C1  ",Embajadores (C5)       ,ACCESSIBLE,http://www.madrid.es/sites/v/index.jsp?vgnextchannel=bfa48ab43d6bb410VgnVCM100000171f5a0aRCRD&vgnextoid=326f38d60b41c010VgnVCM2000000c205a0aRCRD,"Calle del Casino, Madrid",https://www.wikidata.org/entity/Q26248358,3,Centro,https://www.wikidata.org/entity/Q1763376,40.40681802964019,-3.704690072394306,91 539 63 10,cccreina@madrid.es,CentrosServiciosSociales
1914,Centro Cultural - Centro Socio Cultural Villa de Barajas,,,"De lunes a viernes, de 9 a 14 y de 15 a 17 horas.   En el mes de agosto los dos centros permanecen cerrados.   Fuera de este horario el centro permanecera abierto durante la celebracion de las actividades que se programen.",Barajas,https://www.wikidata.org/entity/Q2474414,"101, 105, 115",Sin Renfe,"ACCESSIBLE,TACTILE PAVING,MAGNETIC LOOP",http://www.madrid.es/sites/v/index.jsp?vgnextchannel=bfa48ab43d6bb410VgnVCM100000171f5a0aRCRD&vgnextoid=476c1e79ee71c010VgnVCM1000000b205a0aRCRD,CALLE BOTICA,,7,Barajas,https://www.wikidata.org/entity/Q807230,40.47324881250678,-3.5784908616003723,913 291 803,ccvillabarajas@madrid.es,CentrosCulturales
117288,Centro Cultural Agustin Diaz (Moncloa - Aravaca),,,"De lunes a viernes, de 9 a 14 horas. Miercoles y jueves de 15 a 17 horas.  Verano. De lunes a viernes de 9 a 14 horas. Semana de San Isidro. De lunes a viernes de 9 a 14 horas.  Fuera de este horario el centro permanecera abierto durante la celebracion de las actividades que se programen.",Sin metro,,"41, 75.",Sin Renfe,ACCESSIBLE,http://www.madrid.es/sites/v/index.jsp?vgnextchannel=bfa48ab43d6bb410VgnVCM100000171f5a0aRCRD&vgnextoid=2d07cbf06c81c010VgnVCM1000000b205a0aRCRD,PASEO COMANDANTE FORTEA,,42,Moncloa-Aravaca,https://www.wikidata.org/entity/Q2017682,40.427538776051804,-3.732422725110936,915 487 772,ccadiaz@madrid.es,CentrosCulturales
118067,Centro Cultural Alfredo Kraus (Fuencarral - El Pardo),,,Centro: de lunes a viernes de 9 a 14 y de 16 a 21.30 h   Secretaria: de lunes a jueves de 9:30  a 14 y de 16:30 a 18. Viernes de 9:30 a 13:30 h.,Sin metro,,"49 , 64",Sin Renfe,ACCESSIBLE,http://www.madrid.es/sites/v/index.jsp?vgnextchannel=bfa48ab43d6bb410VgnVCM100000171f5a0aRCRD&vgnextoid=7337cbf06c81c010VgnVCM1000000b205a0aRCRD,GLORIETA PRADERA DE VAQUERIZAS,,9,Fuencarral-El Pardo,https://www.wikidata.org/entity/Q656196,40.49082275610172,-3.7216054330053647,913 767 085,ccakraus@madrid.es,CentrosCulturales
1942,Centro Cultural Antonio Machado (San Blas - Canillejas),,,"De lunes a viernes, de 10 a 13:30 y de 17 a 18:30 horas.   Julio, de lunes a viernes de 10 a 13:30 horas.   Agosto, secretaria cerrada.   Fuera de este horario el centro permanecera abierto durante la celebracion de las actividades que se programen.",Alsacia,https://www.wikidata.org/entity/Q3613056,"4, 70, 165, 167, 38, 48",Sin Renfe,ACCESSIBLE,http://www.madrid.es/sites/v/index.jsp?vgnextchannel=bfa48ab43d6bb410VgnVCM100000171f5a0aRCRD&vgnextoid=cce43d0b5e71c010VgnVCM1000000b205a0aRCRD,CALLE SAN ROMAN DEL VALLE,,8,San Blas-Canillejas,https://www.wikidata.org/entity/Q2001937,40.420280457570335,-3.621730741880216,Sin telefono,ccamachado@madrid.es,CentrosCulturales
52511,Centro Cultural Auditorio Parque El Paraiso (San Blas - Canillejas),,,,Simancas,https://www.wikidata.org/entity/Q2481349,"109, 38.",Sin Renfe,ACCESSIBLE,http://www.madrid.es/sites/v/index.jsp?vgnextchannel=bfa48ab43d6bb410VgnVCM100000171f5a0aRCRD&vgnextoid=a395946be351c010VgnVCM2000000c205a0aRCRD,"Avenida de Arcentales, Madrid",https://www.wikidata.org/entity/Q56155322,4,San Blas-Canillejas,https://www.wikidata.org/entity/Q2001937,40.42996840999023,-3.622184001035289,915 888 065,cultusanblas@madrid.es,AuditoriosSalasConcierto
64851,"Centro Cultural Buenavista, Madrid",https://www.wikidata.org/entity/Q47012449,,"De lunes a jueves, 9 a 14 horas y de 16 a 18 horas. Viernes, de 9 a 14 horas. Verano: de lunes a viernes, de 9 a 14 horas. Agosto: secretaria cerrada. Septiembre, de lunes a jueves, de 9 a 14 horas.  Fuera de este horario el centro permanecera abierto durante la celebracion de las actividades que se programen.",Diego de Leon,https://www.wikidata.org/entity/Q2055658,"48, 12, 210, 56, C2, 74  ",Sin Renfe,PARTIALLY ACCESSIBLE,http://www.madrid.es/sites/v/index.jsp?vgnextchannel=bfa48ab43d6bb410VgnVCM100000171f5a0aRCRD&vgnextoid=068e598d1351c010VgnVCM1000000b205a0aRCRD,"Avenida de los Toreros, Madrid",https://www.wikidata.org/entity/Q29918658,5,Salamanca,https://www.wikidata.org/entity/Q1773521,40.43200210571468,-3.6709293330780204,917 240 800,ccbuenavista@madrid.es,CentrosCulturales
1943,Centro Cultural Buero Vallejo (San Blas - Canillejas),,,"De lunes a viernes, de 9:30 a 13:30 y de 16:30 a 18 horas.   Agosto cerrado.   Fuera de este horario el centro permanecera abierto durante la celebracion de las actividades que se programen.",Torre Arias,https://www.wikidata.org/entity/Q2056497,"105, 140, 153, 165, 77",Sin Renfe,ACCESSIBLE,http://www.madrid.es/sites/v/index.jsp?vgnextchannel=bfa48ab43d6bb410VgnVCM100000171f5a0aRCRD&vgnextoid=98953d0b5e71c010VgnVCM1000000b205a0aRCRD,CALLE BOLTAnA,,27,San Blas-Canillejas,https://www.wikidata.org/entity/Q2001937,40.44477474902185,-3.6129105844633775,917 411 182,ccbvallejo@madrid.es,CentrosCulturales
118317,Centro Cultural Carril del Conde (Hortaleza),,,"De lunes a viernes, de 9 a 14 horas y de 17 a 19 horas. Verano y semana de San Isidro, de 9 a 14 horas.  Fuera de este horario el centro permanecera abierto durante la celebracion de las actividades que se programen.",Arturo Soria,https://www.wikidata.org/entity/Q2481371,"9, 72, 73",Sin Renfe,ACCESSIBLE,http://www.madrid.es/sites/v/index.jsp?vgnextchannel=bfa48ab43d6bb410VgnVCM100000171f5a0aRCRD&vgnextoid=66a7cbf06c81c010VgnVCM1000000b205a0aRCRD,CALLE CARRIL DEL CONDE,,57,Hortaleza,https://www.wikidata.org/entity/Q1928529,40.46088953531134,-3.6544210187969433,917 161 240,cccarrilconde@madrid.es,CentrosCulturales
1945,Casa de Vacas,https://www.wikidata.org/entity/Q21155850,,De 10 a 21 horas.,Retiro,https://www.wikidata.org/entity/Q2056874,"2, 20, 28  ",Sin Renfe,ACCESSIBLE,http://www.madrid.es/sites/v/index.jsp?vgnextchannel=bfa48ab43d6bb410VgnVCM100000171f5a0aRCRD&vgnextoid=35e53d0b5e71c010VgnVCM1000000b205a0aRCRD,Paseo de Colombia,https://www.wikidata.org/entity/Q24023155,1,Retiro,https://www.wikidata.org/entity/Q2002296,40.41906024374356,-3.6840615387926956,914 095 819,cccasadevacas@madrid.es,SalasExposiciones
1925,Centro Cultural Casa del Reloj,https://www.wikidata.org/entity/Q56426877,,"De lunes a viernes, de 10 a 13 y de 17 a 19 horas.   Verano y semana de San Isidro: de lunes a viernes, de 9 a 14 horas.   Agosto cerrado.    Fuera de este horario el centro permanecera abierto durante la celebracion de las actividades que se programen.",Legazpi,https://www.wikidata.org/entity/Q2056839,"19, 247, 45, 47, 59, 62, 76, 8, 85, 86, 148, 186, 78, 123, 22, 79, 156, 180, T32  ",Sin Renfe,ACCESSIBLE,http://www.madrid.es/sites/v/index.jsp?vgnextchannel=bfa48ab43d6bb410VgnVCM100000171f5a0aRCRD&vgnextoid=8b063d0b5e71c010VgnVCM1000000b205a0aRCRD,"Paseo de la Chopera, Madrid",https://www.wikidata.org/entity/Q27044458,6,Arganzuela,https://www.wikidata.org/entity/Q2000929,40.39466755008527,-3.700396761468562,915 886 118 / 915 886 299,crelojarganzuela@madrid.es,CentrosCulturales
4551096,Centro Cultural Ciudad Pegaso (San Blas - Canillejas),,,"De lunes a jueves, de 10 a 12 horas y de 16:30 a 19 horas. Viernes, de 10 a 12 horas y de 16:30 a 18 horas.    Fuera de este horario el centro permanecera abierto durante la celebracion de las actividades que se programen.",Sin metro,,77,Sin Renfe,ACCESSIBLE,http://www.madrid.es/sites/v/index.jsp?vgnextchannel=bfa48ab43d6bb410VgnVCM100000171f5a0aRCRD&vgnextoid=07f63190712b1110VgnVCM1000000b205a0aRCRD,Avenida Septima,,11,San Blas-Canillejas,,40.44844757572015,-3.598099871155595,917 415 852,cccpegaso@madrid.es,CentrosCulturales
11876732,Centro Cultural Clara del Rey - Museo ABC (Centro),,,"De enero a junio y de octubre a diciembre:   Lunes a jueves, de 9 a 15 y de 16 a 18 horas. Viernes, de 9 a 15 horas.   Julio y septiembre y Semana de San Isidro:   Lunes a viernes, de 9 a 14 horas. Sabados, cerrado.   Agosto cerrado.  Fuera de este horario el centro permanecera abierto durante la celebracion de las actividades que se programen.",Ventura Rodriguez,https://www.wikidata.org/entity/Q2378663,"002, 3, 147, 001, 1, 2, 44, 133, 138, C1, 21, C03  ",Sin Renfe,ACCESSIBLE,http://www.madrid.es/sites/v/index.jsp?vgnextchannel=bfa48ab43d6bb410VgnVCM100000171f5a0aRCRD&vgnextoid=b8afb908d1825810VgnVCM1000001d4a900aRCRD,calle de Amaniel,https://www.wikidata.org/entity/Q24694982,29,Centro,https://www.wikidata.org/entity/Q1763376,40.42741340671151,-3.7095381101739444,915 222 823,ccclararey@madrid.es,CentrosCulturales
80143,Centro Cultural Dotacional Integrado Arganzuela,,,"De lunes a viernes, de 10 a 13 y de 17 a 18:30 horas.   Verano, de lunes a viernes, de 10 a 14 horas.   Fuera de este horario el centro permanecera abierto durante la celebracion de las actividades que se programen.",Palos de la Frontera,https://www.wikidata.org/entity/Q2481204,"19, 247, 45, 47, 8, 86, 55, 6, E1, 59, 85  ","Delicias (lineas C1, C7, C10, Regional)",ACCESSIBLE,http://www.madrid.es/sites/v/index.jsp?vgnextchannel=bfa48ab43d6bb410VgnVCM100000171f5a0aRCRD&vgnextoid=f9ea79262ef5d010VgnVCM1000000b205a0aRCRD,CALLE CANARIAS,,17,Arganzuela,https://www.wikidata.org/entity/Q2000929,40.40242416544921,-3.6954440062549017,915 063 610,cdiarganzuela@madrid.es,CentrosCulturales
5498725,Centro Cultural Eduardo urculo (Tetuan),,,"Secretaria:   De lunes a jueves, de 9:30 a 13:30 y de 16:30 a 18 horas. Viernes, de 9:30 a 13:30 horas. Julio, solo mananas. Agosto cerrado.   Fuera de este horario el centro permanecera abierto durante la celebracion de las actividades que se programen.",Ventilla,https://www.wikidata.org/entity/Q3192875,"177, 42",Sin Renfe,"ACCESSIBLE,MAGNETIC LOOP",http://www.madrid.es/sites/v/index.jsp?vgnextchannel=bfa48ab43d6bb410VgnVCM100000171f5a0aRCRD&vgnextoid=f8f9338588355210VgnVCM1000000b205a0aRCRD,PLAZA DONOSO,,5,Tetuan,https://www.wikidata.org/entity/Q1773540,40.46900764611639,-3.697595691925329,917 337 249,cceurculo@madrid.es,CentrosCulturales
11979985,Centro Cultural El Plantio (Moncloa - Aravaca),,,"De lunes a viernes, de 9 a 21 horas, excepto festivos, julio, agosto y septiembre.  Sabados, de 9 a 15 horas, excepto festivos, julio, agosto y septiembre.  Fuera de este horario el centro permanecera abierto durante la celebracion de las actividades que se programen.",Sin metro,,163,Sin Renfe,ACCESSIBLE,http://www.madrid.es/sites/v/index.jsp?vgnextchannel=bfa48ab43d6bb410VgnVCM100000171f5a0aRCRD&vgnextoid=45ef9eebdd647810VgnVCM2000001f4a900aRCRD,CALLE JOSE LOMBANA IGLESIAS,,4,Moncloa-Aravaca,https://www.wikidata.org/entity/Q2017682,40.47096731070447,-3.8245164150407103,Sin telefono,Sin email,CentrosCulturales
1939,Centro Cultural El Pozo del tio Raimundo (Puente de Vallecas),,,"De lunes a viernes, de 9 a 13:45 y de 17 a 18:45 horas. Julio, de lunes a viernes de 9 a 14 horas. Agosto cerrado.  Fuera de este horario el centro permanecera abierto durante la celebracion de las actividades que se programen.",Sin metro,,"102, 24    ",El Pozo (linea C2).,ACCESSIBLE,http://www.madrid.es/sites/v/index.jsp?vgnextchannel=bfa48ab43d6bb410VgnVCM100000171f5a0aRCRD&vgnextoid=add63d0b5e71c010VgnVCM1000000b205a0aRCRD,AVENIDA GLORIETAS,,19,Puente de Vallecas,https://www.wikidata.org/entity/Q2003054,40.37381624358889,-3.6599325731670977,917 866 644,ccptioraimundo@madrid.es,CentrosCulturales
11848432,Centro Cultural Emilia Pardo Bazan (Salamanca),,,"De lunes a viernes, de 9 a 21 horas, ininterrumpidamente. A partir de octubre, sabados y domingos, de 9 a 21 horas, ininterrrumpidamente. Festivos cerrado.",Colon,https://www.wikidata.org/entity/Q2481248," 21, 53, 14, 150, 27, 45, 5, 37, C03, 119, 51, 74, 9  ",Sin Renfe,ACCESSIBLE,http://www.madrid.es/sites/v/index.jsp?vgnextchannel=bfa48ab43d6bb410VgnVCM100000171f5a0aRCRD&vgnextoid=dc8d531521b74810VgnVCM1000001d4a900aRCRD,Calle de Goya,https://www.wikidata.org/entity/Q28015873,1,Salamanca,https://www.wikidata.org/entity/Q1773521,40.42585800515975,-3.689601594290468,913 052 081,ccemiliapardobazan@madrid.es,SalasEstudioLectura
1931,Centro Cultural Federico Chueca (Hortaleza),,,"De lunes a viernes, de 9 a 14 y de 17 a 19 horas. Julio y agosto, cerrado. Semana de San Isidro, de lunes a viernes de 9 a 14 horas.  Fuera de este horario el centro permanecera abierto durante la celebracion de las actividades que se programen.",Sin metro,,"72, 73, 9",Sin Renfe,ACCESSIBLE,http://www.madrid.es/sites/v/index.jsp?vgnextchannel=bfa48ab43d6bb410VgnVCM100000171f5a0aRCRD&vgnextoid=90573d0b5e71c010VgnVCM1000000b205a0aRCRD,CALLE BENITA AVILA,,17,Hortaleza,https://www.wikidata.org/entity/Q1928529,40.46498334634005,-3.650568266584691,913 000 389,ccfchueca@madrid.es,CentrosCulturales
4703628,Centro Cultural Fernando Lazaro Carreter (Carabanchel),,,"De lunes a jueves, de 10 a 13 y de 16:30 a 18 horas. viernes, de 10 a 13 horas. Julio, de lunes a viernes, de 10 a 13 horas.  Agosto y festivos, cerrado.   Fuera de este horario el centro permanecera abierto durante la celebracion de las actividades que se programen.",Marques de Vadillo,https://www.wikidata.org/entity/Q2056948,116,Sin Renfe,ACCESSIBLE,http://www.madrid.es/sites/v/index.jsp?vgnextchannel=bfa48ab43d6bb410VgnVCM100000171f5a0aRCRD&vgnextoid=340ed2d6fe9a6110VgnVCM1000000b205a0aRCRD,CALLE DE LA VERDAD,,29,Carabanchel,https://www.wikidata.org/entity/Q1001991,40.39164343238081,-3.717140510927299,914 690 895,cclazaro@madrid.es,CentrosCulturales
1954,Centro Cultural Fernando de los Rios (Latina),,Informacion general en el telefono: 91 719 89 93. Correo electronico: ccfrios@madrid.es  Informacion sobre cursos y talleres en los siguientes enlaces:   Plataforma cursos y talleres Ayuntamiento de Madrid.  Tramites cursos y talleres Ayuntamiento de Madrid.,"Horario de verano: durante los meses de julio, agosto y septiembre, de 9 a 21 horas. Cerrado sabados y domingos.   Horarios de apertura:  Lunes a Viernes de 9 a 21:30 horas. Sabados de 9 a 13:30 horas y de 16 a 20:30 horas  Horarios de atencion al publico:  Lunes a Jueves: de 8:30 a 14 horas y de 16 a 18:30 h. Viernes de 8:30 a 14:30 horas.",Sin metro,,"Lineas: 25, 31 y 138.",Sin Renfe,ACCESSIBLE,http://www.madrid.es/sites/v/index.jsp?vgnextchannel=bfa48ab43d6bb410VgnVCM100000171f5a0aRCRD&vgnextoid=3d973d0b5e71c010VgnVCM1000000b205a0aRCRD,CALLE DE CAMARENA,,10,Latina,https://www.wikidata.org/entity/Q794954,40.39552931214334,-3.7562667464373223,917 198 930 / 917 198 931 / 917 198 993,ccfrios@madrid.es,CentrosCulturales
1944,Centro Cultural Francisco Fatou (Villa de Vallecas),,,"Lunes a viernes, de 9 a 14 y de 16 a 20:30 horas.  Agosto, lunes a viernes, de 9 a 14 horas.  Fuera de este horario el centro permanecera abierto durante la celebracion de las actividades que se programen.",Villa de Vallecas,https://www.wikidata.org/entity/Q630441,"54, 58, 103, 142, 143, 130, T31",Sin Renfe,ACCESSIBLE,http://www.madrid.es/sites/v/index.jsp?vgnextchannel=bfa48ab43d6bb410VgnVCM100000171f5a0aRCRD&vgnextoid=d9e73d0b5e71c010VgnVCM1000000b205a0aRCRD,CALLE MANUEL VELEZ,,10,Villa de Vallecas,https://www.wikidata.org/entity/Q1947988,40.379584618162156,-3.623110349262379,913 806 620,ccfranciscofatou@madrid.es,CentrosCulturales
1921,Centro Cultural Galileo (Chamberi),,,"Lunes a domingo, de 8 a 21 horas. Abierto todos los dias, excepto 1 y 6 enero, 1 y 2 mayo, 15 agosto, 12 octubre y 25 diciembre.  Fuera de este horario el centro permanecera abierto durante la celebracion de las actividades que se programen.",Quevedo,https://www.wikidata.org/entity/Q747162,"2, 16, 61  ",Sin Renfe,ACCESSIBLE,http://www.madrid.es/sites/v/index.jsp?vgnextchannel=bfa48ab43d6bb410VgnVCM100000171f5a0aRCRD&vgnextoid=30181e79ee71c010VgnVCM1000000b205a0aRCRD,calle de Galileo,https://www.wikidata.org/entity/Q27031392,39,Chamberi,https://www.wikidata.org/entity/Q1763370,40.43371190964793,-3.7104543597957758,915 913 901,ccgalileo@madrid.es,CentrosCulturales
70243,Centro Cultural Gloria Fuertes (Barajas),,,"De lunes a viernes, de 9 a 14 y de 15 a 17 horas.    Fuera de este horario el centro permanecera abierto durante la celebracion de las actividades que se programen.",Sin metro,,"105, 112, 115, 151, 166",Sin Renfe,ACCESSIBLE,http://www.madrid.es/sites/v/index.jsp?vgnextchannel=bfa48ab43d6bb410VgnVCM100000171f5a0aRCRD&vgnextoid=2e5068540e41c010VgnVCM2000000c205a0aRCRD,avenida de Logrono,https://www.wikidata.org/entity/Q118638509,179,Barajas,https://www.wikidata.org/entity/Q807230,40.4606308732073,-3.59366944150524,913 120 243,ccgloriafuertes@madrid.es,CentrosCulturales
1930,Centro Cultural Hortaleza,,,"De lunes a viernes, de 9 a 14 horas y de 17 a 19 horas. Julio y agosto y semana de San Isidro, de lunes a viernes, de 9 a 14 horas.  Fuera de este horario el centro permanecera abierto durante la celebracion de las actividades que se programen.",Parque de Santa Maria,https://www.wikidata.org/entity/Q2481002,"107, 9",Sin Renfe,ACCESSIBLE,http://www.madrid.es/sites/v/index.jsp?vgnextchannel=bfa48ab43d6bb410VgnVCM100000171f5a0aRCRD&vgnextoid=86381e79ee71c010VgnVCM1000000b205a0aRCRD,CALLE DE SANTA VIRGILIA,,15,Hortaleza,https://www.wikidata.org/entity/Q1928529,40.476859845869534,-3.6420353342333227,913 821 493,cchortaleza@madrid.es,CentrosCulturales
1929,Centro Cultural Huerta de la Salud (Hortaleza),,,"El centro permanecera abierto durante la celebracion de las actividades que se programen.  Silo de Hortaleza (Sala de exposiciones): de lunes a sabado, de 10 a 14 y de 17 a 21 horas.",San Lorenzo,https://www.wikidata.org/entity/Q2481355,"9, 72, 87, 107",Sin Renfe,ACCESSIBLE,http://www.madrid.es/sites/v/index.jsp?vgnextchannel=bfa48ab43d6bb410VgnVCM100000171f5a0aRCRD&vgnextoid=dc581e79ee71c010VgnVCM1000000b205a0aRCRD,CALLE MAR DE LAS ANTILLAS,,8,Hortaleza,https://www.wikidata.org/entity/Q1928529,40.47484735634347,-3.645543866498554,913 825 309 / 914 802 781 (Silo de Hortaleza),cultuhortaleza@madrid.es,CentrosCulturales
6017747,Centro Cultural Jose Luis Lopez Vazquez (San Blas - Canillejas),,,"De lunes a jueves, de 9 a 14 y de 15 a 18 horas. Viernes, de 9 a 14 horas.  Fuera de este horario el centro permanecera abierto durante la celebracion de las actividades que se programen.",Sin metro,,"167, 77",Sin Renfe,PARTIALLY ACCESSIBLE,http://www.madrid.es/sites/v/index.jsp?vgnextchannel=bfa48ab43d6bb410VgnVCM100000171f5a0aRCRD&vgnextoid=b790e37de110f210VgnVCM1000000b205a0aRCRD,CALLE FEBRERO,,4,San Blas-Canillejas,https://www.wikidata.org/entity/Q2001937,40.446826729909155,-3.5727382893523254,913 293 900,ccjllopezvazquez@madrid.es,CentrosCulturales
142944,Centro Cultural Jose Luis Sampedro (Latina),,Informacion general en el telefono: 91 526 78 20. Correo electronico: cclucero@madrid.es  Informacion sobre cursos y talleres en los siguientes enlaces:   Plataforma cursos y talleres Ayuntamiento de Madrid.  Tramites cursos y talleres Ayuntamiento de Madrid.,"Horario de verano:    Cerrado del 1 al 27 de agosto.   Julio, agosto y septiembre, de 9 a 21 horas. Cerrado sabados y domingos.   Horarios de apertura y atencion al publico:  Lunes a Viernes de 9 a 21:30 horas. Sabados de 9 a 13:30 horas.",Lucero,https://www.wikidata.org/entity/Q957660,Linea 55. ,Linea C 5. Estacion: Laguna.,ACCESSIBLE,http://www.madrid.es/sites/v/index.jsp?vgnextchannel=bfa48ab43d6bb410VgnVCM100000171f5a0aRCRD&vgnextoid=bd3fba61e681c010VgnVCM1000000b205a0aRCRD,CALLE CASTROSERNA,,4,Latina,https://www.wikidata.org/entity/Q794954,40.40159394334669,-3.749110841406562,915 267 820 / 915 267 821,cclucero@madrid.es,CentrosCulturales
1919,Centro Cultural Juan Genoves (Moncloa - Aravaca),,,De lunes a viernes de 9 a 15 y de 15:30 a 21:30 horas.   Fuera de este horario el centro permanecera abierto durante la celebracion de las actividades que se programen.,Sin metro,,"160, 163, 161.",Sin Renfe,ACCESSIBLE,http://www.madrid.es/sites/v/index.jsp?vgnextchannel=bfa48ab43d6bb410VgnVCM100000171f5a0aRCRD&vgnextoid=13153d0b5e71c010VgnVCM1000000b205a0aRCRD,TRAVESIA CANO,,5,Moncloa-Aravaca,https://www.wikidata.org/entity/Q2017682,40.45866721398762,-3.786129575145957,917 400 882 / 914 801 186 / 917 401 596,ccjgenoves@madrid.es,CentrosCulturales
1913,Centro Cultural Juan Gris (Moncloa - Aravaca),,,"Lunes, martes y miercoles, de 10 a 13:30 horas. Lunes y martes, de 16 a 17:30 horas.  Semana San Isidro: de lunes de viernes, de 10 a 13:30 horas.  Agosto cerrado.  Fuera de este horario el centro permanecera abierto durante la celebracion de las actividades que se programen.",Francos Rodriguez,https://www.wikidata.org/entity/Q774677,"126, 127, 132, 64, 128, 44.",Sin Renfe,NOT ACCESSIBLE,http://www.madrid.es/sites/v/index.jsp?vgnextchannel=bfa48ab43d6bb410VgnVCM100000171f5a0aRCRD&vgnextoid=79a81e79ee71c010VgnVCM1000000b205a0aRCRD,"Calle de Francos Rodriguez, Madrid",https://www.wikidata.org/entity/Q26810988,100,Moncloa-Aravaca,https://www.wikidata.org/entity/Q2017682,40.457862962907384,-3.71225373746578,914 507 865,ccjuangris@madrid.es,CentrosCulturales
1911,Centro Cultural Julio Cortazar (Moncloa - Aravaca),,,"Lunes a viernes, de 9:30 a 13:30. Lunes a jueves de 17 a 19 horas.     Julio: Lunes a viernes de 9:30 a 13:30 y lunes a jueves de 17 a 18 horas.     Agosto: Lunes a viernes de 9:30 a 13:30.     Fuera de este horario el centro permanecera abierto durante la celebracion de las actividades que se programen.",Valdezarza,https://www.wikidata.org/entity/Q2482098,"127, 132, 126.",Sin Renfe,ACCESSIBLE,http://www.madrid.es/sites/v/index.jsp?vgnextchannel=bfa48ab43d6bb410VgnVCM100000171f5a0aRCRD&vgnextoid=cfc81e79ee71c010VgnVCM1000000b205a0aRCRD,"Calle de Antonio Machado, Madrid",https://www.wikidata.org/entity/Q28793893,20,Moncloa-Aravaca,https://www.wikidata.org/entity/Q2017682,40.46678159096302,-3.7195669111891703,913 734 375,ccjcortazar@madrid.es,CentrosCulturales
1917,Centro Cultural La Vaguada (Fuencarral - El Pardo),,,Secretaria: de lunes a jueves de 9 a 14 y de 16 a 19 horas.,Barrio del Pilar,https://www.wikidata.org/entity/Q2463533,"49 , 83 , 128 , 132 , 137",Sin Renfe,ACCESSIBLE,http://www.madrid.es/sites/v/index.jsp?vgnextchannel=bfa48ab43d6bb410VgnVCM100000171f5a0aRCRD&vgnextoid=09691e79ee71c010VgnVCM1000000b205a0aRCRD,"Avenida de Monforte de Lemos, Madrid",https://www.wikidata.org/entity/Q52683954,38,Fuencarral-El Pardo,https://www.wikidata.org/entity/Q656196,40.47900813206291,-3.709138377702435,915 886 883,cclavaguada@madrid.es,CentrosCulturales
4606802,Centro Cultural Las Californias (Retiro),,,De 9 a 14 horas.   Fuera de este horario el centro permanecera abierto durante la celebracion de las actividades que se programen.,Puente de Vallecas,https://www.wikidata.org/entity/Q2479039,"113, 148  ","Mendez alvaro Estacion Sur (lineas C1, C5, C7, C10, Regional)",ACCESSIBLE,http://www.madrid.es/sites/v/index.jsp?vgnextchannel=bfa48ab43d6bb410VgnVCM100000171f5a0aRCRD&vgnextoid=a6c875993dc63110VgnVCM1000000b205a0aRCRD,CALLE DE LUIS PEIDRO,,2,Retiro,https://www.wikidata.org/entity/Q2002296,40.397021560779024,-3.6738766514153163,915 016 942,cclascalifornias@madrid.es,CentrosCulturales
1918,La Tabacalera de Lavapies,https://www.wikidata.org/entity/Q56427704,,"De lunes a jueves, de 9 a 14 y de 16 a 18 horas. Viernes, de 9 a 14 horas.   Julio y septiembre, de 9 a 14 horas.   Agosto cerrado.   Fuera de este horario el centro permanecera abierto durante la celebracion de las actividades que se programen.",Lavapies,https://www.wikidata.org/entity/Q388743,M1  ,Sin Renfe,ACCESSIBLE,http://www.madrid.es/sites/v/index.jsp?vgnextchannel=bfa48ab43d6bb410VgnVCM100000171f5a0aRCRD&vgnextoid=5f891e79ee71c010VgnVCM1000000b205a0aRCRD,"Calle del Olivar, Madrid",https://www.wikidata.org/entity/Q20021057,46,Centro,https://www.wikidata.org/entity/Q1763376,40.40967898937472,-3.7015569791252063,915 060 712,cclavapies@madrid.es,CentrosCulturales
1938,Centro Cultural Lope de Vega (Puente de Vallecas),,,"Lunes a viernes, de 9 a 13:45 horas y de 17 a 18:45 horas. Verano, de lunes a viernes de 8:30 a 14 horas.   Fuera de este horario el centro permanecera abierto durante la celebracion de las actividades que se programen.",Sin metro,,"102, 24.  ",Asamblea de Madrid-Entrevias (linea C2).,ACCESSIBLE,http://www.madrid.es/sites/v/index.jsp?vgnextchannel=bfa48ab43d6bb410VgnVCM100000171f5a0aRCRD&vgnextoid=4a273d0b5e71c010VgnVCM1000000b205a0aRCRD,CALLE CONCEJO DE TEVERGA,,1,Puente de Vallecas,https://www.wikidata.org/entity/Q2003054,40.386296991431074,-3.671858416387963,917 570 580,cclopedevega@madrid.es,CentrosCulturales
1973,Centro Cultural Los Rosales (Villaverde),,,El horario del Centro Cultural Los Rosales es de 8:00 a 22:00 h de lunes a viernes y de 9:30 a 13:30 h los sabados. Secretaria: de lunes a jueves de 9:30 a 13:30 y de 17:00 a 19:00 y viernes de 9:30 a 13:30 horas. Durante el mes de julio el horario sera de 9 a 14 horas.,Sin metro,,85,Sin Renfe,ACCESSIBLE,http://www.madrid.es/sites/v/index.jsp?vgnextchannel=bfa48ab43d6bb410VgnVCM100000171f5a0aRCRD&vgnextoid=a5b91e79ee71c010VgnVCM1000000b205a0aRCRD,AVENIDA LOS ROSALES,,133,Villaverde,https://www.wikidata.org/entity/Q919536,40.35074797433515,-3.6773064421969233,917 109 273,cclosrosales@madrid.es,CentrosCulturales
6469004,Centro Cultural Mercado de Ibiza (Retiro),,,"De lunes a viernes, de 9 a 14 horas.   Fuera de este horario el centro permanecera abierto durante la celebracion de las actividades que se programen.",Ibiza,https://www.wikidata.org/entity/Q2464739,"2, 15, 26, 61, 63, 215, C2, 20, 152, C1  ",Sin Renfe,ACCESSIBLE,http://www.madrid.es/sites/v/index.jsp?vgnextchannel=bfa48ab43d6bb410VgnVCM100000171f5a0aRCRD&vgnextoid=dbeab973f50e7310VgnVCM1000000b205a0aRCRD,"Calle de Ibiza, Madrid",https://www.wikidata.org/entity/Q63247838,8,Retiro,https://www.wikidata.org/entity/Q2002296,40.41817872037522,-3.677376337125393,915 572 601,ccibiza@madrid.es,CentrosCulturales
1933,Centro Cultural Meseta de Orcasitas (Usera),,,"De lunes a viernes, 9:30 a 13:30 y de 17 a 20 horas.  Fuera de este horario el centro permanecera abierto durante la celebracion de las actividades que se programen.",Sin metro,,"78, 81, 116  ",Orcasitas (C5),PARTIALLY ACCESSIBLE,http://www.madrid.es/sites/v/index.jsp?vgnextchannel=bfa48ab43d6bb410VgnVCM100000171f5a0aRCRD&vgnextoid=fbd91e79ee71c010VgnVCM1000000b205a0aRCRD,PLAZA ASOCIACION,,1,Usera,https://www.wikidata.org/entity/Q953368,40.36968950845358,-3.7081679144829076,913 415 677 / 913 415 326,ccmesetaorcasitas@madrid.es,CentrosCulturales
1955,Centro Cultural Miguel Hernandez (Latina),,Informacion general en el telefono: 91 706 63 00. Correo electronico: ccmiguelh@madrid.es . Informacion sobre cursos y talleres en los siguientes enlaces:   Plataforma cursos y talleres Ayuntamiento de Madrid.  Tramites cursos y talleres Ayuntamiento de Madrid.,"Horario de verano:    Cerrado del 1 al 27 de agosto.   Julio, agosto y septiembre, de 9 a 21 horas. Sabados y domingos cerrado.   Horario de apertura del centro:  Lunes a Viernes de 9 a 21:30 horas. Sabados de 9 a 13:30 horas.  Horario de atencion al publico:  Lunes a Viernes de 9 a 14 horas y de 16 a 18 horas.",Sin metro,,"Lineas: 34, 39, 117 y 139. ",Linea C 5. Estacion: Las aguilas.,ACCESSIBLE,http://www.madrid.es/sites/v/index.jsp?vgnextchannel=bfa48ab43d6bb410VgnVCM100000171f5a0aRCRD&vgnextoid=420a1e79ee71c010VgnVCM1000000b205a0aRCRD,CALLE SERRADILLA,,13,Latina,https://www.wikidata.org/entity/Q794954,40.378853797128336,-3.7819616113032115,917 066 300 / 917 108 523,ccmiguelh@madrid.es,CentrosCulturales
1972,Centro Cultural Moncloa (Moncloa - Aravaca),,,"De lunes a viernes, de 9:30 a 13:30 y de 17 a 19 horas.   Verano: De lunes a viernes de 9:30 a 14 horas.   Semana de San Isidro: De lunes a viernes de 9:30 a 14 horas.   Fuera de este horario el centro permanecera abierto durante la celebracion de las actividades que se programen.",Moncloa,https://www.wikidata.org/entity/Q2449141,"1, 132, 138, 44, 62, 82, C2, 160, 162, 133, 83, C1, 161, G, A, 001, 46, 16, 61.  ",Sin Renfe,"PARTIALLY ACCESSIBLE,SIGN LANGUAGE",http://www.madrid.es/sites/v/index.jsp?vgnextchannel=bfa48ab43d6bb410VgnVCM100000171f5a0aRCRD&vgnextoid=982a1e79ee71c010VgnVCM1000000b205a0aRCRD,plaza de la Moncloa,https://www.wikidata.org/entity/Q6080211,1,Moncloa-Aravaca,https://www.wikidata.org/entity/Q2017682,40.435209393826675,-3.7188765163188293,Sin telefono,ccmoncloa@madrid.es,CentrosCulturales
1932,Centro Cultural Nicolas Salmeron (Chamartin),,,"De lunes a viernes, de 9 a 14 y de 16 a 18 horas.  Julio, de lunes a viernes, de 9 a 15 horas. Agosto cerrado.  Fuera de este horario el centro permanecera abierto durante la celebracion de las actividades que se programen.",Concha Espina,https://www.wikidata.org/entity/Q2464246,"16, 29, 52",Sin Renfe,ACCESSIBLE,http://www.madrid.es/sites/v/index.jsp?vgnextchannel=bfa48ab43d6bb410VgnVCM100000171f5a0aRCRD&vgnextoid=ee4a1e79ee71c010VgnVCM1000000b205a0aRCRD,Calle de Mantuano,https://www.wikidata.org/entity/Q27048291,51,Chamartin,https://www.wikidata.org/entity/Q1766348,40.44834125150792,-3.6761992414203526,915 103 751,ccnsalmeron@madrid.es,CentrosCulturales
1934,Centro Cultural Orcasur (Usera),,,"De lunes a jueves, de 10 a 14 y de 16:30 a 19:30 horas. Viernes, de 10 a 14 horas.   Julio, lunes a viernes, de 10 a 14 horas.  Agosto cerrado.  Fuera de este horario el centro permanecera abierto durante la celebracion de las actividades que se programen.",Sin metro,,"78, 116  ",Orcasitas (C5),ACCESSIBLE,http://www.madrid.es/sites/v/index.jsp?vgnextchannel=bfa48ab43d6bb410VgnVCM100000171f5a0aRCRD&vgnextoid=8b9a1e79ee71c010VgnVCM1000000b205a0aRCRD,PLAZA PUEBLO,,2,Usera,https://www.wikidata.org/entity/Q953368,40.366772166148415,-3.70113521931168,913 188 090,ccorcasur@madrid.es,CentrosCulturales
1952,Centro Cultural Principe de Asturias (Ciudad Lineal),,,De lunes a viernes de 8:30 a 22 horas.     Sabados de 09:00 a 22:00 horas.     Verano y Semana de San Isidro de lunes a viernes de 8:30 a 21 horas.,Ciudad Lineal,https://www.wikidata.org/entity/Q2054883,"38, 48, 70, 105, 4, 109, 113",Sin Renfe,"ACCESSIBLE,TACTILE PAVING,MAGNETIC LOOP",http://www.madrid.es/sites/v/index.jsp?vgnextchannel=bfa48ab43d6bb410VgnVCM100000171f5a0aRCRD&vgnextoid=d1ca1e79ee71c010VgnVCM1000000b205a0aRCRD,"Calle de los Hermanos Garcia Noblejas, Madrid",https://www.wikidata.org/entity/Q5740959,14,Ciudad Lineal,https://www.wikidata.org/entity/Q1763694,40.43644651057092,-3.6372924261150033,917 767 810,ccprincipeasturias@madrid.es,CentrosCulturales
1920,Gate of Toledo,https://www.wikidata.org/entity/Q2657591,,"De lunes a jueves, de 9 a 14 y de 15 a 18 horas. Viernes, de 9 a 15 horas. Jullio y septiembre de 9 a 14 horas. Agosto cerrado.  Fuera de este horario el centro permanecera abierto durante la celebracion de las actividades que se programen.",Puerta de Toledo,https://www.wikidata.org/entity/Q2056515,"17, 41, 18, 23, 35, C03, C2, 148, SE712, 3, C1  ",Sin Renfe,ACCESSIBLE,http://www.madrid.es/sites/v/index.jsp?vgnextchannel=bfa48ab43d6bb410VgnVCM100000171f5a0aRCRD&vgnextoid=28ea1e79ee71c010VgnVCM1000000b205a0aRCRD,Gran Via de San Francisco,https://www.wikidata.org/entity/Q32035437,2,Centro,https://www.wikidata.org/entity/Q1763376,40.40741060830642,-3.7119168856897677,913 662 728,ccptoledo@madrid.es,CentrosCulturales
114978,Centro Cultural Quinta del Berro - Rafael Altamira (Salamanca),,,"Horario secretaria:  De lunes a jueves, de 9 a 14 y de 15 a 18 horas. Viernes, de 9 a 14 horas. Julio, de lunes a viernes, atencion presencial de 10:30 a 14, atencion telefonica de 9 a 14 horas. Agosto: secreatria cerrada.  Horario centro cultural:  De lunes a viernes, de 9 a 21:30 horas. Sabados, de 9:30 a 21:30 horas. Domingos, de 10:30 a 20:30 horas. Julio, agosto y septiembre, de lunes a domingo de 10:30 a 19:30 horas.  Fuera de este horario el centro permanecera abierto durante la celebracion de las actividades que se programen.",Sin metro,,"15 , 28 , 71",Sin Renfe,"ACCESSIBLE,TACTILE PAVING",http://www.madrid.es/sites/v/index.jsp?vgnextchannel=bfa48ab43d6bb410VgnVCM100000171f5a0aRCRD&vgnextoid=bcc7cbf06c81c010VgnVCM1000000b205a0aRCRD,CALLE ENRIQUE D'ALMONTE,,1,Salamanca,https://www.wikidata.org/entity/Q1773521,40.42206601994432,-3.662968075865235,915 570 808 / 915 570 805 / 915 570 807,quintaberro@madrid.es,CentrosCulturales
4703422,Centro Cultural San Francisco La Prensa (Carabanchel),,,"De lunes a viernes, de 10 a 13 y de 16:30 a 18 horas. Viernes, de 10 a 13 horas. Agosto cerrado.  Fuera de este horario el centro permanecera abierto durante la celebracion de las actividades que se programen.",San Francisco,https://www.wikidata.org/entity/Q2061686,108,Sin Renfe,ACCESSIBLE,http://www.madrid.es/sites/v/index.jsp?vgnextchannel=bfa48ab43d6bb410VgnVCM100000171f5a0aRCRD&vgnextoid=5787e842ec9a6110VgnVCM1000000b205a0aRCRD,CALLE ALISEDA,,4,Carabanchel,https://www.wikidata.org/entity/Q1001991,40.37690319217392,-3.741639735552097,914 284 911,ccprensa@madrid.es,CentrosCulturales
1958,Centro Cultural San Juan Bautista (Ciudad Lineal),,,"Lunes a sabado, de 9 a 22 horas. Julio, de lunes a viernes, de 9 a 14 horas. Septiembre, de lunes a viernes, de 9 a 22 horas.",Avenida de la Paz,https://www.wikidata.org/entity/Q526358,"53, 11, 70, 122",Sin Renfe,ACCESSIBLE,http://www.madrid.es/sites/v/index.jsp?vgnextchannel=bfa48ab43d6bb410VgnVCM100000171f5a0aRCRD&vgnextoid=618b1e79ee71c010VgnVCM1000000b205a0aRCRD,CALLE SAN NEMESIO,,4,Ciudad Lineal,https://www.wikidata.org/entity/Q1763694,40.45224737965276,-3.6580402287911937,914 157 705,ccsanjuanbautista@madrid.es,SalasEstudioLectura
6018014,Centro Cultural Sanchinarro (Hortaleza),,,"De lunes a viernes, de 10 a 14 y de 16 a 19 horas.   Fuera de este horario el centro permanecera abierto durante la celebracion de las actividades que se programen.",Sin metro,,"172, 172SF",Sin Renfe,ACCESSIBLE,http://www.madrid.es/sites/v/index.jsp?vgnextchannel=bfa48ab43d6bb410VgnVCM100000171f5a0aRCRD&vgnextoid=12eb70618510f210VgnVCM1000000b205a0aRCRD,CALLE PRINCESA DE EBOLI,,29,Hortaleza,https://www.wikidata.org/entity/Q1928529,40.49035310157377,-3.655261744717257,915 000 603,info@centroculturalsanchinarro.com,CentrosCulturales
115404,Centro Cultural Sara Montiel (Latina),,Informacion general en el telefono: 91 512 08 90. Correo electronico: cccampamento@madrid.es . Informacion sobre cursos y talleres en los siguientes enlaces:   Plataforma cursos y talleres Ayuntamiento de Madrid.  Tramites cursos y talleres Ayuntamiento de Madrid.,"Horario de verano:    Cerrado del 1 al 27 de agosto.   Julio, agosto y septiembre, de 9 a 21 horas de lunes a viernes. Sabados y domingos cerrado.   Horario de apertura del centro:  Lunes a Viernes de 9 a 21:30 horas. Sabados de 9 a 13:30 horas.  Horario de atencion al publico:  De lunes a viernes de 9 a 14 horas y de 16:30 a 19 horas.",Colonia Jardin,https://www.wikidata.org/entity/Q2060520,Linea 65 y linea H.,Sin Renfe,ACCESSIBLE,http://www.madrid.es/sites/v/index.jsp?vgnextchannel=bfa48ab43d6bb410VgnVCM100000171f5a0aRCRD&vgnextoid=c957cbf06c81c010VgnVCM1000000b205a0aRCRD,CARRETERA BOADILLA DEL MONTE,,40,Latina,https://www.wikidata.org/entity/Q794954,40.399764677637116,-3.775144917950534,915 120 890,ccsaramontiel@madrid.es,CentrosCulturales
1994,Centro Cultural Usera 1,,,"De lunes a viernes, de 9 a 13 y de 17 a 19:30 horas.  Agosto cerrado.  Fuera de este horario el centro permanecera abierto durante la celebracion de las actividades que se programen.",Plaza Eliptica,https://www.wikidata.org/entity/Q782113,"6, 60, 81",Sin Renfe,PARTIALLY ACCESSIBLE,http://www.madrid.es/sites/v/index.jsp?vgnextchannel=bfa48ab43d6bb410VgnVCM100000171f5a0aRCRD&vgnextoid=54fb1e79ee71c010VgnVCM1000000b205a0aRCRD,avenida de Rafaela Ybarra,https://www.wikidata.org/entity/Q110749248,49,Usera,https://www.wikidata.org/entity/Q953368,40.381095838993176,-3.710973351109332,915 887 214,ccusera@madrid.es,CentrosCulturales
7416137,Centro Cultural Usera 2,,,"Atencion al publico en el Centro Cultural Usera 1.   De lunes a viernes, de 9 a 13 y de 17 a 19:30 horas. Julio, agosto y septiembre, cerrado.  Fuera de este horario el centro permanecera abierto durante la celebracion de las actividades que se programen.",Usera,https://www.wikidata.org/entity/Q643209,6,Sin Renfe,NOT ACCESSIBLE,http://www.madrid.es/sites/v/index.jsp?vgnextchannel=bfa48ab43d6bb410VgnVCM100000171f5a0aRCRD&vgnextoid=3cadb2cffdc15410VgnVCM1000000b205a0aRCRD,CALLE FELIPE CASTRO,,30,Usera,https://www.wikidata.org/entity/Q953368,40.38429664257218,-3.7090866533057723,915 887 214 / 914 764 204,ccusera@madrid.es,CentrosCulturales
123948,Centro Cultural Valdebernardo (Vicalvaro),,,De lunes a viernes de 9 a 14 horas. Agosto cerrado.  Fuera de este horario el centro permanecera abierto durante la celebracion de las actividades que se programen.,Valdebernardo,https://www.wikidata.org/entity/Q2696095,"130, 71, 8.",Sin Renfe,PARTIALLY ACCESSIBLE,http://www.madrid.es/sites/v/index.jsp?vgnextchannel=bfa48ab43d6bb410VgnVCM100000171f5a0aRCRD&vgnextoid=69188899fc81c010VgnVCM1000000b205a0aRCRD,BULEVAR INDALECIO PRIETO,,21,Vicalvaro,https://www.wikidata.org/entity/Q589403,40.399832138328044,-3.6212720265227873,913 016 460 / 913 016 462,ccvaldebernardo@madrid.es,CentrosCulturales
1980,Centro Cultural Zazuar (Villa de Vallecas),,,"De lunes a viernes, de 9 a 19:30 horas. Julio y agosto, de lunes a viernes, de 9 a 14 horas.  Fuera de este horario el centro permanecera abierto durante la celebracion de las actividades que se programen.",Sin metro,,"58, 63, 145",Sin Renfe,ACCESSIBLE,http://www.madrid.es/sites/v/index.jsp?vgnextchannel=bfa48ab43d6bb410VgnVCM100000171f5a0aRCRD&vgnextoid=9d8c1e79ee71c010VgnVCM1000000b205a0aRCRD,CALLE ZAZUAR,,4,Villa de Vallecas,https://www.wikidata.org/entity/Q1947988,40.38281899948726,-3.606140062044455,913 322 529,cczazuar@madrid.es,CentrosCulturales
1953,Centro Cultural el Madrono (Vicalvaro),,,De lunes a viernes de 9 a 14 horas.  Fuera de este horario el centro permanecera abierto durante la celebracion de las actividades que se programen.,Vicalvaro Station - Rey Juan Carlos University,https://www.wikidata.org/entity/Q2479859,"130, 100",Sin Renfe,ACCESSIBLE,http://www.madrid.es/sites/v/index.jsp?vgnextchannel=bfa48ab43d6bb410VgnVCM100000171f5a0aRCRD&vgnextoid=57b63d0b5e71c010VgnVCM1000000b205a0aRCRD,CALLE VILLARDONDIEGO,,36,Vicalvaro,https://www.wikidata.org/entity/Q589403,40.40529229274289,-3.6086152959929514,917 753 140,ccelmadrono@madrid.es,CentrosCulturales
1940,Centro Cultural el Torito (Moratalaz),,,"De lunes a viernes de 9 a 13:30 y de 17 a 18:30 horas. Julio, de lunes a viernes de 9 a 13:30 horas. Agosto cerrado.  Fuera de este horario el centro permanecera abierto durante la celebracion de las actividades que se programen.",Artilleros,https://www.wikidata.org/entity/Q649362,32,Sin Renfe,ACCESSIBLE,http://www.madrid.es/sites/v/index.jsp?vgnextchannel=bfa48ab43d6bb410VgnVCM100000171f5a0aRCRD&vgnextoid=f3073d0b5e71c010VgnVCM1000000b205a0aRCRD,Avenida de Moratalaz,https://www.wikidata.org/entity/Q104778384,130,Moratalaz,https://www.wikidata.org/entity/Q2076109,40.40609591857167,-3.646536107063507,913 287 385,cceltorito@madrid.es,CentrosCulturales
1951,Centro Cultural la Elipa (Ciudad Lineal),,,"De lunes a sabado, de 9 a 22 horas. Julio, de lunes a viernes, de 9 a 15 horas. Septiembre, de lunes a viernes, de 9 a 22 horas. Fuera de este horario el centro permanecera abierto durante la celebracion de las actividades que se programen.",La Elipa,https://www.wikidata.org/entity/Q1766021,"110, 113, 210, 15, 28",Sin Renfe,ACCESSIBLE,http://www.madrid.es/sites/v/index.jsp?vgnextchannel=bfa48ab43d6bb410VgnVCM100000171f5a0aRCRD&vgnextoid=6c191e79ee71c010VgnVCM1000000b205a0aRCRD,CALLE SANTA FELICIDAD,,39,Ciudad Lineal,https://www.wikidata.org/entity/Q1763694,40.42447060804354,-3.6504253324201104,914 055 312,ccelipa@madrid.es,CentrosCulturales
112637,Centro Integrado Santiago Apostol (Hortaleza),,,"De lunes a viernes, de 9 a 14 horas y de 16 a 21 horas. Agosto cerrado  Fuera de este horario el centro permanecera abierto durante la celebracion de las actividades que se programen.",Manoteras,https://www.wikidata.org/entity/Q3844841,"7, 29, 129.",Sin Renfe,ACCESSIBLE,http://www.madrid.es/sites/v/index.jsp?vgnextchannel=bfa48ab43d6bb410VgnVCM100000171f5a0aRCRD&vgnextoid=38f415a11a81c010VgnVCM1000000b205a0aRCRD,CALLE CARRION DE LOS CONDES,,73,Hortaleza,https://www.wikidata.org/entity/Q1928529,40.4760846979538,-3.6581195337045274,913 835 941,Sin email,CentrosCulturales
4703662,Centro Juvenil Carabanchel Alto,,"Mira la programacion mensual de cada uno de los centros juveniles, encontraras talleres, teatro, actividades, cesiones de espacios para tu musica o tus ensayos, exposiciones; ademas Wifi gratuito, oficinas de informacion juvenil y un monton de cosas interesantes. Informacion sobre las actividades y cesion de espacios: Correo:  actividadescarabanchel@gmail.com   Telefono de contacto: 914006417 Telefono: 915118980 Consulta la programacion aqui  Para inscribirte en la actividad que mas te guste cumplimenta y envia este formulario.","Horario de apertura del centro: de lunes a viernes de 10 a 14:30 horas y de 15:30 a 21 horas. Los sabados de 11 a 21 horas.  Horario de atencion al publico: lunes y sabado de 13 a 14:30 horas y de 15:30 a 21 horas. Los martes, miercoles, jueves y viernes de 10 a 14 horas y de 15:30 a 21 horas.   Cierres para 2023: 1 y 6 de enero, 20 de marzo, 6, 7 y 8 de abril, 1, 2 y 15 de mayo, TODO EL MES DE AGOSTO, 12 de octubre, 1 y 9 de noviembre, 6, 8, 24, 25 y 31 de diciembre.  El centro permanecera cerrado todos los domingos.",La Peseta,https://www.wikidata.org/entity/Q2484416,35 y 47,Sin Renfe,ACCESSIBLE,http://www.madrid.es/sites/v/index.jsp?vgnextchannel=bfa48ab43d6bb410VgnVCM100000171f5a0aRCRD&vgnextoid=2565d2d6fe9a6110VgnVCM1000000b205a0aRCRD,CALLE ALFONSO FERNANDEZ,,23,Carabanchel,https://www.wikidata.org/entity/Q1001991,40.366822704148795,-3.755451103709316,915 118 980 Movil/WhatsApp: 636 04 55 86,cj5carabanchel@madrid.es,OficinasInformacionJuvenil
146682,Centro Juvenil El Aleph (Villa de Vallecas),,"Mira la programacion mensual de cada uno de los centros juveniles, encontraras talleres, teatro, actividades, cesiones de espacios para tu musica o tus ensayos, exposiciones; ademas Wifi gratuito, oficinas de informacion juvenil y un monton de cosas interesantes.  Informacion sobre las actividades y cesion de espacios:   Correo:  actividadeselaleph@gmail.com    Telefono: 913 312 725 Consulta la programacion aqui  Para inscribirte en la actividad que mas te guste cumplimenta y envia este formulario.",Horario de apertura del centro: de lunes a domingo de 8:30 a 21 horas. Agosto cerrado.  Horario de atencion al publico ( cuando estan los monitores) Lunes y sabado :13:00 a 15:00 / 16:00 a 21: 00h martes a viernes :10:00  a 15:00 / 16:00 a 21:00h domingos: 12:00 a 15:00 /16:00 a 20:00h,Sin metro,,"58 , 63 , 145 ",Santa Eugenia,ACCESSIBLE,http://www.madrid.es/sites/v/index.jsp?vgnextchannel=bfa48ab43d6bb410VgnVCM100000171f5a0aRCRD&vgnextoid=84869475d381c010VgnVCM1000000b205a0aRCRD,CALLE ZAZUAR,,1,Villa de Vallecas,https://www.wikidata.org/entity/Q1947988,40.38257934400676,-3.6054546139177392,913 013 457 Movil/WhatsApp: 683 51 65 65,cj7aleph@madrid.es,OficinasInformacionJuvenil
190703,Centro Juvenil El Pardo,,"Mira la programacion mensual de cada uno de los centros juveniles, encontraras talleres, teatro, actividades, cesiones de espacios para tu musica o tus ensayos, exposiciones; ademas Wifi gratuito, oficinas de informacion juvenil y un monton de cosas interesantes.  Informacion sobre las actividades y cesion de espacios   Correo:  actividadeselpardo@gmail.com    Telefono: 913 760 652 Consulta la programacion aqui  Para inscribirte en la actividad que mas te guste cumplimenta y envia este formulario.",Apertura del centro los martes a sabado de 13 a 21 horas.,Sin metro,,desde el intercambiador de Moncloa el 601 (isla 3-darsena 30) y el 602 que sale del hospital Universitario la Paz.,Sin Renfe,ACCESSIBLE,http://www.madrid.es/sites/v/index.jsp?vgnextchannel=bfa48ab43d6bb410VgnVCM100000171f5a0aRCRD&vgnextoid=617ef50ad2a30110VgnVCM1000000b205a0aRCRD,AVENIDA PADRE CIPRIANO,,11,Fuencarral-El Pardo,https://www.wikidata.org/entity/Q656196,40.51964199418355,-3.778542672958104,913 760 652 Movil/WhatsApp: 653 39 89 57,cj3elpardo@madrid.es,OficinasInformacionJuvenil
182139,Centro Juvenil El Sitio de mi Recreo (Villa de Vallecas),,"Mira la programacion mensual de cada uno de los centros juveniles, encontraras talleres, teatro, actividades, cesiones de espacios para tu musica o tus ensayos, exposiciones; ademas Wifi gratuito, oficinas de informacion juvenil y un monton de cosas interesantes.  Informacion sobre las actividades y cesion de espacios:   Correo:  actividadeselrecreo@gmail.com    Telefono: 913320198  Telefono: 913 05 24 48  Horario de reserva cesiones de espacio y salas de ensayo: Lunes a jueves de 10:00 a 15:00 y de 16:00 a 19:00 h. Viernes de 9:00 a 15:30 h. Consulta la programacion aqui  Para inscribirte en la actividad que mas te guste cumplimenta y envia este formulario.",Horario de atencion al publico : De lunes a sabado de 10 a 15 horas y de 16 a 21 horas. Domingos de 12 a 15 horas y de 16 a 20 horas.  Horario de apertura y cierre: Lunes a domingo de 08.30- 21.30 h,Villa de Vallecas,https://www.wikidata.org/entity/Q630441,"54, 58, 103, 142, 143, N9  ",Vallecas,ACCESSIBLE,http://www.madrid.es/sites/v/index.jsp?vgnextchannel=bfa48ab43d6bb410VgnVCM100000171f5a0aRCRD&vgnextoid=9bd738d60b41c010VgnVCM2000000c205a0aRCRD,CALLE REAL DE ARGANDA,,39,Villa de Vallecas,https://www.wikidata.org/entity/Q1947988,40.37953682427198,-3.616901585603186,913 052 448 Movil/WhatsApp: 606 00 04 09,cj6srecreo@madrid.es,OficinasInformacionJuvenil
5396226,Centro Juvenil Hontalbilla (Fuencarral - El Pardo),,"Mira la programacion mensual de cada uno de los centros juveniles, encontraras talleres, teatro, actividades, cesiones de espacios para tu musica o tus ensayos, exposiciones; ademas Wifi gratuito, oficinas de informacion juvenil y un monton de cosas interesantes.  Informacion sobre las actividades y cesion de espacios   Correo:  actividadeshontalbilla@gmail.com    Telefono: 917 342 878 y 917 364 378 Consulta la programacion aqui  Para inscribirte en la actividad que mas te guste cumplimenta y envia este formulario.","Horario de apertura del centro:    Mananas: de lunes a sabados, de: 9 a 15 horas Tardes:de lunes a sabados, de 16 a  21 horas  Agosto centro juvenil cerrado.",Fuencarral,https://www.wikidata.org/entity/Q2059161,"66, 124 y 137, 154, N24 ",Madrid-Ramon y Cajal,NOT ACCESSIBLE,http://www.madrid.es/sites/v/index.jsp?vgnextchannel=bfa48ab43d6bb410VgnVCM100000171f5a0aRCRD&vgnextoid=afc93331c9ee2210VgnVCM2000000c205a0aRCRD,CALLE HONTALBILLA,,10,Fuencarral-El Pardo,https://www.wikidata.org/entity/Q656196,40.49231828430878,-3.6906342081203283,917 364 378 Movil/WhatsApp: 606 00 38 52,cj4hontalbilla@madrid.es,OficinasInformacionJuvenil
11925994,Centro Juvenil Pipo Velasco (Usera),,"Mira la programacion mensual de cada uno de los centros juveniles, encontraras talleres, teatro, actividades, cesiones de espacios para tu musica o tus ensayos, exposiciones; ademas Wifi gratuito, oficinas de informacion juvenil y un monton de cosas interesantes.  Informacion sobre las actividades y cesion de espacios:   Correo: actividadespipo@gmail.com   Telefono: 609619978 Consulta la programacion aqui  Para inscribirte en la actividad que mas te guste cumplimenta y envia este formulario .",Horario de apertura: de 9 a 22h.  Horario de atencion al publico: Todos los dias.,Plaza Eliptica,https://www.wikidata.org/entity/Q782113," 6, 60, 78, 81",Sin Renfe,ACCESSIBLE,http://www.madrid.es/sites/v/index.jsp?vgnextchannel=bfa48ab43d6bb410VgnVCM100000171f5a0aRCRD&vgnextoid=a0d2795e39a36810VgnVCM2000001f4a900aRCRD,CALLE AVENA,,5,Usera,https://www.wikidata.org/entity/Q953368,40.37738097077752,-3.715659887802671,609619978,actividadespipo@gmail.com,OficinasInformacionJuvenil
4923522,Centro Juvenil Tetuan Punto Joven,,"Mira la programacion mensual de cada uno de los centros juveniles, encontraras talleres, teatro, actividades, cesiones de espacios para tu musica o tus ensayos, exposiciones; ademas Wifi gratuito, oficinas de informacion juvenil y un monton de cosas interesantes.  Informacion sobre las actividades y cesion de espacios   Correo:  tetuanpuntojoven@gmail.com    Telefono: 915 347 744 Consulta la programacion aqui  Para inscribirte en la actividad que mas te guste cumplimenta y envia este formulario.","Los lunes de 13 a 21 horas. De martes a viernes de 10 a 21 horas, los sabados de 12 a 21 horas. Domingos y festivos: cerrado. Agosto: cerrado.",Cuatro Caminos,https://www.wikidata.org/entity/Q2420839,"5, 45, 66, 127, 128, 14 , C1, C2 ",Nuevos Ministerios,NOT ACCESSIBLE,http://www.madrid.es/sites/v/index.jsp?vgnextchannel=bfa48ab43d6bb410VgnVCM100000171f5a0aRCRD&vgnextoid=2f9e41aee5a2a110VgnVCM1000000b205a0aRCRD,calle de Dulcinea,https://www.wikidata.org/entity/Q118639334,4,Tetuan,https://www.wikidata.org/entity/Q1773540,40.447199849232135,-3.6998771920981004,915 347 744 Movil/WhatsApp: 606 00 37 79,cj1tetuan@madrid.es,OficinasInformacionJuvenil
4535757,Centro Sefarad-Israel,https://www.wikidata.org/entity/Q111651292,"Consorcio institucional creado el 18 de diciembre de 2006, mediante a un acuerdo entre el Ministerio de Asuntos Exteriores, Union Europea y de Cooperacion, la Comunidad de Madrid y el Ayuntamiento de Madrid.",,Sol,https://www.wikidata.org/entity/Q1766008,"31, 50, 65, 148, 3.  ","Sol (lineas C3, C3a, C4 y Regional).",NO INFORMATION,http://www.madrid.es/sites/v/index.jsp?vgnextchannel=bfa48ab43d6bb410VgnVCM100000171f5a0aRCRD&vgnextoid=9d50215a57131110VgnVCM2000000c205a0aRCRD,Calle Mayor,https://www.wikidata.org/entity/Q1149052,69,Centro,https://www.wikidata.org/entity/Q1763376,40.41532290628835,-3.711227065575005,913 911 002,centro@sefarad-israel.es,Consorcios
6396299,Centro Social Comunitario Josefa Amar,,,De lunes a viernes de 9:30 a 20:30 horas. Sabados de 10 a 20 horas. Domingos de 10 a 14 y de 16 a 20 horas.,Ventilla,https://www.wikidata.org/entity/Q3192875,177.,Sin Renfe,NOT ACCESSIBLE,http://www.madrid.es/sites/v/index.jsp?vgnextchannel=bfa48ab43d6bb410VgnVCM100000171f5a0aRCRD&vgnextoid=edda0bb16aba6310VgnVCM1000000b205a0aRCRD,"Calle de Matilde Landa, Madrid",https://www.wikidata.org/entity/Q56121903,30,Tetuan,https://www.wikidata.org/entity/Q1773540,40.4731994125293,-3.6940812660649414,917 330 258,socitetuan@madrid.es,CentrosSocialesComunitarios
4568753,Centro Social Polivalente de Vicalvaro,,,Consultar,Sin metro,,"100, 130",Sin Renfe,ACCESSIBLE,http://www.madrid.es/sites/v/index.jsp?vgnextchannel=bfa48ab43d6bb410VgnVCM100000171f5a0aRCRD&vgnextoid=59c6ca957d152110VgnVCM1000000b205a0aRCRD,Royal Avenue,https://www.wikidata.org/entity/Q7373779,12,Vicalvaro,https://www.wikidata.org/entity/Q589403,40.40249219663602,-3.6070177881676537,917 602 468 (centralita),Sin email,CentrosCulturales
56495,Centro Sociocultural  Siena (Ciudad Lineal),,,"De lunes a jueves, de 9 a 15 horas. Viernes, de 9 a 14 horas.   Julio y San Isidro, de lunes a viernes, de 9 a 14 horas.   Agosto cerrado.   Fuera de este horario el centro permanecera abierto durante la celebracion de las actividades que se programen.",Quintana,https://www.wikidata.org/entity/Q2480845,"113, 38",Sin Renfe,NOT ACCESSIBLE,http://www.madrid.es/sites/v/index.jsp?vgnextchannel=bfa48ab43d6bb410VgnVCM100000171f5a0aRCRD&vgnextoid=1114c2c6e051c010VgnVCM2000000c205a0aRCRD,CALLE SIENA,,52,Ciudad Lineal,https://www.wikidata.org/entity/Q1763694,40.433168908505294,-3.651871341017642,914 039 011,cscsiena@madrid.es,CentrosCulturales
1936,Centro Sociocultural Alberto Sanchez (Puente de Vallecas),,,"Atencion al publico: lunes a viernes, de 9 a 13:45 y de 17 a 18:45 horas. Julio, de lunes a viernes de 9 a 14 horas. Agosto cerrado.  Fuera de este horario el centro permanecera abierto durante la celebracion de las actividades que se programen.",Buenos Aires,https://www.wikidata.org/entity/Q2479851,"143, 54.",Sin Renfe,ACCESSIBLE,http://www.madrid.es/sites/v/index.jsp?vgnextchannel=bfa48ab43d6bb410VgnVCM100000171f5a0aRCRD&vgnextoid=20a43d0b5e71c010VgnVCM1000000b205a0aRCRD,CALLE RISCO DE PELOCHE,,14,Puente de Vallecas,https://www.wikidata.org/entity/Q2003054,40.393619022093546,-3.6556016835101834,917 570 320,cscalbertosanchez@madrid.es,CentrosCulturales
72862,Centro Sociocultural Alfonso XII (Fuencarral - El Pardo),,,"Horario del centro: de lunes a viernes, de 9 a  21:30 h.  Horario de secretaria: de lunes a viernes de 9 a 14 y de 16,30 a 20:30 h.",Sin metro,,Sin buses,Sin Renfe,ACCESSIBLE,http://www.madrid.es/sites/v/index.jsp?vgnextchannel=bfa48ab43d6bb410VgnVCM100000171f5a0aRCRD&vgnextoid=b7d168540e41c010VgnVCM2000000c205a0aRCRD,"Calle de Mira el Rio, Madrid",https://www.wikidata.org/entity/Q56121016,4,Fuencarral-El Pardo,https://www.wikidata.org/entity/Q656196,40.519673311658686,-3.7779055687726535,913 762 060,ccelpardo@madrid.es,CentrosCulturales
1990,Centro Sociocultural Almirante Churruca (Latina),,Informacion general en el telefono: 91 509 05 81. Correo electronico: ccchurruca@madrid.es . Informacion sobre cursos y talleres en los siguientes enlaces:   Plataforma cursos y talleres Ayuntamiento de Madrid.  Tramites cursos y talleres Ayuntamiento de Madrid.,Horario de verano:    Desde el 1 de julio hasta el 30 de octubre el horario de apertura es de 9 a 21 horas. El centro cierra por vacaciones del 1 al 27 de agosto ambos inclusive.    Horario de apertura del centro:  Lunes a Viernes de 9 a 21:30 horas. Sabados de 9 a 13:30 horas.  Horario de atencion al publico:  Lunes a Viernes de 9 a 14 horas y de 16:30 a 18:30 horas.,Aviacion Espanola,https://www.wikidata.org/entity/Q2482246,Lineas: 17 y 34. ,Linea C 5. Estacion: Las aguilas.,ACCESSIBLE,http://www.madrid.es/sites/v/index.jsp?vgnextchannel=bfa48ab43d6bb410VgnVCM100000171f5a0aRCRD&vgnextoid=76c43d0b5e71c010VgnVCM1000000b205a0aRCRD,CALLE FUENTE DEL TIRO,,72,Latina,https://www.wikidata.org/entity/Q794954,40.3829835905706,-3.7800890564106613,915 090 581 / 917 053 794,ccchurruca@madrid.es,CentrosCulturales
1974,Centro Sociocultural Aula de Aire Libre (Puente de Vallecas),,,"Atencion al publico: lunes a viernes, de 9 a 13:45 y de 17 a 18:45 horas.  Durante el mes de julio, Semana Santa y Navidad, lunes a viernes de 9 a 14 horas. Agosto cerrado.  Fuera de este horario el centro permanecera abierto durante la celebracion de las actividades que se programen.",Portazgo,https://www.wikidata.org/entity/Q2479031,"111, 24, 310",Sin Renfe,NOT ACCESSIBLE,http://www.madrid.es/sites/v/index.jsp?vgnextchannel=bfa48ab43d6bb410VgnVCM100000171f5a0aRCRD&vgnextoid=314e1e79ee71c010VgnVCM1000000b205a0aRCRD,CALLE SIERRA CARBONERA,,74,Puente de Vallecas,https://www.wikidata.org/entity/Q2003054,40.39009728291889,-3.665329063724782,917 570 189 / 915 887 325 / 915 887 105,aalibrepvallecas@madrid.es,CentrosCulturales
1927,Centro Sociocultural Blasco Ibanez (Carabanchel),,,"De lunes a jueves, de 10 a 13 y de 16:30 a 18:30 horas. Viernes, de 10 a 13 horas. Julio, de lunes a viernes, de 10 a 13 horas. Agosto, festivos y fines de semana, cerrado.  Fuera de este horario el centro permanecera abierto durante la celebracion de las actividades que se programen.",Sin metro,,119,Sin Renfe,NOT ACCESSIBLE,http://www.madrid.es/sites/v/index.jsp?vgnextchannel=bfa48ab43d6bb410VgnVCM100000171f5a0aRCRD&vgnextoid=fb453d0b5e71c010VgnVCM1000000b205a0aRCRD,CALLE SOLDADO JOSE MARIA REY,,44,Carabanchel,https://www.wikidata.org/entity/Q1001991,40.394959912881816,-3.732764798621339,914 280 555,ccblascoibanez@madrid.es,CentrosCulturales
1949,Centro Sociocultural Bohemios (Villaverde),,,De Secretaria:  horario de manana: de lunes a viernes de 9 a 14 horas . Horario de tarde: de lunes a jueves de 17 a 19 horas.  Durante el mes de  julio el horario sera de 9 a 14 horas.  De secretaria : Telefono 917109260 / 917100558 en el horario que ya consta. Auxiliares de informacion: Telefono 917109263.,Ciudad de los Angeles,https://www.wikidata.org/entity/Q2042482,"22 , 59 , 79 , 85 ",Sin Renfe,ACCESSIBLE,http://www.madrid.es/sites/v/index.jsp?vgnextchannel=bfa48ab43d6bb410VgnVCM100000171f5a0aRCRD&vgnextoid=42753d0b5e71c010VgnVCM1000000b205a0aRCRD,CALLE LOS BOHEMIOS,,1,Villaverde,https://www.wikidata.org/entity/Q919536,40.35639654251886,-3.6940501846610894,917 109 260,ccbohemios@madrid.es,CentrosCulturales
1967,Centro Sociocultural Ciudad Lineal,,,"De lunes a viernes, de 9 a 14 horas.   Verano y San Isidro, de lunes a viernes, de 9 a 13 horas.   Fuera de este horario el centro permanecera abierto durante la celebracion de las actividades que se programen.",Sin metro,,"110, 113, 210, 15, 28",Sin Renfe,ACCESSIBLE,http://www.madrid.es/sites/v/index.jsp?vgnextchannel=bfa48ab43d6bb410VgnVCM100000171f5a0aRCRD&vgnextoid=16f81e79ee71c010VgnVCM1000000b205a0aRCRD,CALLE POETA BLAS DE OTERO,,81,Ciudad Lineal,https://www.wikidata.org/entity/Q1763694,40.422850906984415,-3.651682839770605,917 817 494 / 914 058 728,cscciudadlineal@madrid.es,CentrosCulturales
10344149,Centro Sociocultural Clara Campoamor (Retiro),,"El Centro Sociocultural Clara Campoamor se encuentra en uno de los edificios de la Junta Municipal del Distrito de Retiro (el edificio mas moderno). En este edificio, ademas del Centro Sociocultural se encuentran las oficinas de Linea Madrid y los despachos de los grupos politicos de la Junta.",De 9 a 14 horas.  Fuera de este horario el centro permanecera abierto durante la celebracion de las actividades que se programen.,Pacifico,https://www.wikidata.org/entity/Q2479769,"24, 37, 54, 57, 141  ",Sin Renfe,"ACCESSIBLE,SIGN LANGUAGE,TACTILE PAVING",http://www.madrid.es/sites/v/index.jsp?vgnextchannel=bfa48ab43d6bb410VgnVCM100000171f5a0aRCRD&vgnextoid=0c057ab5c83db510VgnVCM2000001f4a900aRCRD,PLAZA DAOIZ Y VELARDE,,2,Retiro,https://www.wikidata.org/entity/Q2002296,40.402190438836826,-3.6772826298329093,915 886 348,culturetiro@madrid.es,CentrosCulturales
118935,Centro Sociocultural Canovas del Castillo (Usera),,,"De lunes a viernes, de 10 a 14 y de 17 a 19 horas. Julio, de lunes a viernes, de 10 a 14 horas. Agosto cerrado.  Fuera de este horario el centro permanecera abierto durante la celebracion de las actividades que se programen.",Almendrales,https://www.wikidata.org/entity/Q543261,"6, 78, 23, 123",Sin Renfe,ACCESSIBLE,http://www.madrid.es/sites/v/index.jsp?vgnextchannel=bfa48ab43d6bb410VgnVCM100000171f5a0aRCRD&vgnextoid=1087cbf06c81c010VgnVCM1000000b205a0aRCRD,CALLE JULIO AGUIRRE,,10,Usera,https://www.wikidata.org/entity/Q953368,40.38627312379031,-3.700074755609488,915 005 489,canovascastillocs@madrid.es,CentrosCulturales
1941,Centro Sociocultural Eduardo Chillida (Moratalaz),,,"De lunes a viernes, de 9 a 13:30 y de 17 a 18:30 horas. Julio, de lunes a viernes, de 9 a 13:30 horas. Agosto cerrado.  Fuera de este horario el centro permanecera abierto durante la celebracion de las actividades que se programen.",Vinateros,https://www.wikidata.org/entity/Q2479812,"71, 30, 32, 113",Sin Renfe,ACCESSIBLE,http://www.madrid.es/sites/v/index.jsp?vgnextchannel=bfa48ab43d6bb410VgnVCM100000171f5a0aRCRD&vgnextoid=01963d0b5e71c010VgnVCM1000000b205a0aRCRD,CALLE ARROYO BELINCOSO,,9,Moratalaz,https://www.wikidata.org/entity/Q2076109,40.40934483353835,-3.653036718771371,913 339 141,ccechillida@madrid.es,CentrosCulturales
26904,Centro Sociocultural El Greco (Latina),,Informacion general en el telefono: 91 479 31 50. Correo electronico: ccgreco@madrid.es  Informacion sobre cursos y talleres en los siguientes enlaces:   Plataforma cursos y talleres Ayuntamiento de Madrid.  Tramites cursos y talleres Ayuntamiento de Madrid.,"Horario de verano:   Julio, agosto y septiembre de 9 a 20:30 de lunes a viernes. Del 1 al 27 de agosto el Centro se encuentra cerrado.  Horario de apertura del centro:  Lunes a Viernes de 9 a 21:30 horas. Sabados de 9 a 13:30 horas.  Horario de atencion al publico:  Lunes a Viernes de 9:30 a 14 horas y de 16:30 a 19 horas.",Lucero,https://www.wikidata.org/entity/Q957660,"Lineas: 33, 36, 39 y 65.",Sin Renfe,ACCESSIBLE,http://www.madrid.es/sites/v/index.jsp?vgnextchannel=bfa48ab43d6bb410VgnVCM100000171f5a0aRCRD&vgnextoid=cae2b3e42751c010VgnVCM2000000c205a0aRCRD,CALLE EL GRECO,,29,Latina,https://www.wikidata.org/entity/Q794954,40.407316328180464,-3.747465416906973,914 793 261 / 914 793 150,ccgreco@madrid.es,CentrosCulturales
1926,Centro Sociocultural Garcia Lorca (Carabanchel),,,"De lunes a jueves, de 10 a 13 horas y de 16:30 a 18 horas. Viernes, de 10 a 13 horas.  Julio, de lunes a viernes, de 10 a 13 horas.   Agosto y festivos, cerrado.   Fuera de este horario el centro permanecera abierto durante la celebracion de las actividades que se programen.",Carabanchel Alto,https://www.wikidata.org/entity/Q2482617,"35, 47, 34, 139",Sin Renfe,ACCESSIBLE,http://www.madrid.es/sites/v/index.jsp?vgnextchannel=bfa48ab43d6bb410VgnVCM100000171f5a0aRCRD&vgnextoid=e6773d0b5e71c010VgnVCM1000000b205a0aRCRD,"Calle de Eugenia de Montijo, Madrid",https://www.wikidata.org/entity/Q52833570,105,Carabanchel,https://www.wikidata.org/entity/Q1001991,40.37420290010211,-3.7510337449848636,915 110 370,ccgarcialorca@madrid.es,CentrosCulturales
1947,Centro Sociocultural Jose de Espronceda (Tetuan),,,"De lunes a jueves, de 9:30 a 13:30 y de 16:30 a 18 horas. Viernes, de 9:30 a 13:30 horas.  Julio, solo mananas.   Agosto cerrado.    Fuera de este horario el centro permanecera abierto durante la celebracion de las actividades que se programen.",Cuatro Caminos,https://www.wikidata.org/entity/Q2420839,"3, 64, 66, 124, 128, 127, F",Sin Renfe,ACCESSIBLE,http://www.madrid.es/sites/v/index.jsp?vgnextchannel=bfa48ab43d6bb410VgnVCM100000171f5a0aRCRD&vgnextoid=23881e79ee71c010VgnVCM1000000b205a0aRCRD,"Calle de Almansa, Madrid",https://www.wikidata.org/entity/Q54564278,9,Tetuan,https://www.wikidata.org/entity/Q1773540,40.44864332758775,-3.704513191828797,915 536 160 / 915 536 480,cscjespronceda@madrid.es,CentrosCulturales
124354,Centro Sociocultural Juvenil de Moratalaz,,,"De lunes a viernes, de 9 a 14 y de 17 a 19 horas.  Verano, lunes a viernes, de 9 a 14 horas.  Fuera de este horario el centro permanecera abierto durante la celebracion de las actividades que se programen.",Pavones,https://www.wikidata.org/entity/Q2479437,"142, 144, 8, 20, 32, 140",Sin Renfe,ACCESSIBLE,http://www.madrid.es/sites/v/index.jsp?vgnextchannel=bfa48ab43d6bb410VgnVCM100000171f5a0aRCRD&vgnextoid=bf388899fc81c010VgnVCM1000000b205a0aRCRD,"Calle de la Fuente Carrantona, Madrid",https://www.wikidata.org/entity/Q28936137,10,Moratalaz,https://www.wikidata.org/entity/Q2076109,40.39928542551079,-3.636600379403484,915 880 459,ccjmoratalaz@madrid.es,CentrosCulturales
1965,Centro Sociocultural Juvenil de Usera,,,"De lunes a viernes, de 10 a 14 y de 17 a 19 horas. Julio, de lunes a viernes, de 10 a 14 horas. Agosto cerrado.  Fuera de este horario el centro permanecera abierto durante la celebracion de las actividades que se programen.",Usera,https://www.wikidata.org/entity/Q643209,"55, 60, 23",Sin Renfe,ACCESSIBLE,http://www.madrid.es/sites/v/index.jsp?vgnextchannel=bfa48ab43d6bb410VgnVCM100000171f5a0aRCRD&vgnextoid=876e1e79ee71c010VgnVCM1000000b205a0aRCRD,CALLE CUESTA,,4,Usera,https://www.wikidata.org/entity/Q953368,40.38986587050054,-3.707459143903564,913 920 541,cjusera@madrid.es,CentrosCulturales
11189796,Centro Sociocultural Las Tablas (Fuencarral - El Pardo),,,Lunes y miercoles de 9:30 a 13:30 horas Martes y jueves de 9:30 a 14:30 horas Viernes cerrado,Las Tablas,https://www.wikidata.org/entity/Q2244102,"172, 175 y 176",Sin Renfe,ACCESSIBLE,http://www.madrid.es/sites/v/index.jsp?vgnextchannel=bfa48ab43d6bb410VgnVCM100000171f5a0aRCRD&vgnextoid=f766b6f6751c2710VgnVCM1000001d4a900aRCRD,AVENIDA CAMINO DE SANTIAGO,,39,Fuencarral-El Pardo,https://www.wikidata.org/entity/Q656196,40.496178544904275,-3.6742173844664605,915886883,cultufuencarral@madrid.es,CentrosCulturales
102131,Centro Sociocultural Latina,,Informacion general en el telefono: 91 509 54 70. Correo electronico: juvenlatina@madrid.es . Informacion sobre cursos y talleres en los siguientes enlaces:   Plataforma cursos y talleres Ayuntamiento de Madrid.  Tramites cursos y talleres Ayuntamiento de Madrid.,Horario de verano:       El horario de apertura del Centro Sociocultural Latina es:   Mes de julio de 9 a 21 h de lunes a viernes. Desde el 1 hasta el 27 de agosto Cierre del Centro por vacaciones. Desde el 28 de agosto al 30 de septiembre de 9 a 21 h.  Horario de apertura del centro:  Lunes a Viernes de 9 a 21:30 horas. Sabados de 9 a 13:30 horas.  Horario de atencion al publico:  Lunes a Viernes de 9 a 14 horas.,Sin metro,,Linea 155. ,Linea C 5. Estacion: Maestra Justa Freire-Polideportivo Aluche (antigua estacion de Fanjul).,ACCESSIBLE,http://www.madrid.es/sites/v/index.jsp?vgnextchannel=bfa48ab43d6bb410VgnVCM100000171f5a0aRCRD&vgnextoid=a4ed8899fc81c010VgnVCM1000000b205a0aRCRD,CALLE RODRIGO DE ARANA,,50,Latina,https://www.wikidata.org/entity/Q794954,40.3796366471018,-3.7659492448759053,915 095 470 / 915 095 471,juvenlatina@madrid.es,CentrosCulturales
1961,Centro Sociocultural Luis Gonzaga (Chamartin),,,"De lunes a jueves, de 9:30 a 14 horas y de 16:30 a 18:30 horas.   Viernes, de 9:30 a 14 horas y de 16:30 a 17:30 horas.    Verano, de lunes a viernes, de 9:30 a 14 horas.   Agosto cerrado.  Fuera de este horario el centro permanecera abierto durante la celebracion de las actividades que se programen.",Cruz del Rayo,https://www.wikidata.org/entity/Q2004333,"29, 52, 1  ",Sin Renfe,ACCESSIBLE,http://www.madrid.es/sites/v/index.jsp?vgnextchannel=bfa48ab43d6bb410VgnVCM100000171f5a0aRCRD&vgnextoid=ba8b3d232e91f010VgnVCM1000000b205a0aRCRD,calle del Principe de Vergara,https://www.wikidata.org/entity/Q5741020,142,Chamartin,https://www.wikidata.org/entity/Q1766348,40.44489723228663,-3.6780972922453685,915 886 596 / 915 885 219,juvenlgonzaga@madrid.es,CentrosCulturales
1909,Centro Sociocultural Maestro Alonso (Salamanca),,,"De lunes a viernes, de 9 a 14 y de 15 a 18 horas (viernes tarde de 15 a 17 horas) Verano, de lunes a viernes, de 8 a 15 horas.  Fuera de este horario el centro permanecera abierto durante la celebracion de las actividades que se programen.",Ventas,https://www.wikidata.org/entity/Q2014690,"12, 21, 53, 106, 110, 146, 210, 38  ",Sin Renfe,ACCESSIBLE,http://www.madrid.es/sites/v/index.jsp?vgnextchannel=bfa48ab43d6bb410VgnVCM100000171f5a0aRCRD&vgnextoid=783f1e79ee71c010VgnVCM1000000b205a0aRCRD,"Calle del Maestro Alonso, Madrid",https://www.wikidata.org/entity/Q29914631,6,Salamanca,https://www.wikidata.org/entity/Q1773521,40.42938854032785,-3.664855511110751,917 268 800,ccmaestroalonso@tritoma.es,CentrosCulturales
170066,Centro Sociocultural Marconi (Villaverde),,,"El Centro Sociocultural Marconi estara abierto de 9:00 a 21:00 h ininterrumpidamente, de lunes a viernes, excepto en el mes de agosto que permanecera cerrado. Secretaria: de lunes a jueves de 9:30 a 13:30 y de 16:45 a 19:15 y viernes de 9:30 a 13:30 horas. Horario de Navidad:  de 9:00 a 14:00 horas, de lunes a viernes.  Durante el mes de julio el horario sera de 9:00 a 14:00 horas, de lunes a viernes.",Sin metro,,79  ,San Cristobal Industrial,ACCESSIBLE,http://www.madrid.es/sites/v/index.jsp?vgnextchannel=bfa48ab43d6bb410VgnVCM100000171f5a0aRCRD&vgnextoid=6cb0085f5181c010VgnVCM1000000b205a0aRCRD,ACCESO COLONIA MARCONI,,4,Villaverde,https://www.wikidata.org/entity/Q919536,40.334751832113774,-3.700809560921597,917 100 232,ccmarconi@madrid.es,CentrosCulturales
1970,Centro Sociocultural Miguel de Cervantes (San Blas - Canillejas),,,"De lunes a viernes, de 10 a 14 horas.    Fuera de este horario el centro permanecera abierto durante la celebracion de las actividades que se programen.",Sin metro,,"48, 140, 28, 167",Sin Renfe,ACCESSIBLE,http://www.madrid.es/sites/v/index.jsp?vgnextchannel=bfa48ab43d6bb410VgnVCM100000171f5a0aRCRD&vgnextoid=24be1e79ee71c010VgnVCM1000000b205a0aRCRD,CALLE ALIAGA,,5,San Blas-Canillejas,https://www.wikidata.org/entity/Q2001937,40.4366557020283,-3.6113517282299217,917 430 078,ccmcervantes@madrid.es,CentrosCulturales
5514552,Centro Sociocultural Montecarmelo (Fuencarral - El Pardo),,,"Horario del centro:  De lunes a viernes de 8:30 a 15 y de 16 a 21:30 h, Sabados 9 a 15 y de 16 a 21 h   Domingos y festivos, de 10 a 15 h   Horario secretaria talleres:  De lunes a viernes  de 9 a 14:30 horas y de 16:30 a 18:30 horas",Montecarmelo,https://www.wikidata.org/entity/Q2058996,"EMT 134 y 178. Interurbano 712, 713 y 716 ",Sin Renfe,ACCESSIBLE,http://www.madrid.es/sites/v/index.jsp?vgnextchannel=bfa48ab43d6bb410VgnVCM100000171f5a0aRCRD&vgnextoid=30f2b51ae6295210VgnVCM2000000c205a0aRCRD,AVENIDA SANTUARIO DE VALVERDE,,114,Fuencarral-El Pardo,https://www.wikidata.org/entity/Q656196,40.51635495615339,-3.685946562681175,917 364 151 / 917 364 329,ccmontecarmelo@madrid.es,CentrosCulturales
1964,Centro Sociocultural Oporto (Carabanchel),,,"De lunes a jueves, mananas, de 10 a 13 y de 16:30 a 18:30 horas. Viernes, de 10 a 13 horas. Julio y agosto cerrado.  Fuera de este horario el centro permanecera abierto durante la celebracion de las actividades que se programen.",Oporto,https://www.wikidata.org/entity/Q2057416,"55, 81, 108, 118, 81, 34, 35",Sin Renfe,ACCESSIBLE,http://www.madrid.es/sites/v/index.jsp?vgnextchannel=bfa48ab43d6bb410VgnVCM100000171f5a0aRCRD&vgnextoid=357a1e79ee71c010VgnVCM1000000b205a0aRCRD,AVENIDA OPORTO,,78,Carabanchel,https://www.wikidata.org/entity/Q1001991,40.38684744124125,-3.727740326743959,914 603 801,ccoporto@madrid.es,CentrosCulturales
1924,Centro Sociocultural Rafael de Leon (Fuencarral - El Pardo),,,Horario del centro: de lunes a viernes de 9 a 14 y de 16 a 21  h  Secretaria Talleres: de lunes a jueves de 9 a 14:30 y de 16:30 a 19:30 h.   viernes de 9 a 13:30 y de 16 a 18 h.,Avenida de la Ilustracion,https://www.wikidata.org/entity/Q2482086,"49 , 64 , 67 , 83 , 133",Sin Renfe,ACCESSIBLE,http://www.madrid.es/sites/v/index.jsp?vgnextchannel=bfa48ab43d6bb410VgnVCM100000171f5a0aRCRD&vgnextoid=7e0b1e79ee71c010VgnVCM1000000b205a0aRCRD,CALLE ISLA DE ONS,,14,Fuencarral-El Pardo,https://www.wikidata.org/entity/Q656196,40.48025613358832,-3.7214686777952974,917 310 350,ccrleon@madrid.es,CentrosCulturales
43311,Centro Sociocultural Rosario de Acuna (Latina),,Informacion general en el telefono: 91 464 93 04. Correo electronico: cccalasanz@madrid.es . Informacion sobre cursos y talleres en los siguientes enlaces:   Plataforma cursos y talleres Ayuntamiento de Madrid.  Tramites cursos y talleres Ayuntamiento de Madrid.,Horario de verano:     De julio a septiembre es de 9 a 21 h. de lunes a viernes.    Salas de lectura abiertas de 9:30 a 20:30. h.   Horarios de apertura del centro:  Lunes a Viernes de 9:30 a 21 horas. Sabados de 10 a 13 horas.  Horario de atencion al publico:  Lunes a Viernes de 10 a 13 horas.,Alto de Extremadura,https://www.wikidata.org/entity/Q2482103,Lineas: 119 y 138.,Sin Renfe,ACCESSIBLE,http://www.madrid.es/sites/v/index.jsp?vgnextchannel=bfa48ab43d6bb410VgnVCM100000171f5a0aRCRD&vgnextoid=2bae598d1351c010VgnVCM1000000b205a0aRCRD,CALLE MARIA DEL CARMEN,,65,Latina,https://www.wikidata.org/entity/Q794954,40.40647389284976,-3.7327010920242043,914 649 304,ccrosarioacuna@madrid.es,CentrosCulturales
1950,Centro Sociocultural San Cristobal de los angeles (Villaverde),,,"El Centro Sociocultural San Cristobal estara abierto de 9:00 a 21:00 h ininterrumpidamente, de lunes a viernes, excepto en el mes de agosto que permanecera cerrado para el publico. Solamente estara abierto para la actividad de `Viva el verano&amp;acute;. Horario de atencion al publico, de lunes a jueves de 9:00 a 13:00  h y de 16:00 a 18:00  h y viernes de 9:00 a 13:00 horas. Horario de Navidad:  de 9:00 a 13:00 horas, de lunes a viernes. Durante el mes de julio solamente estara atendido por Auxiliares de informacion.",San Cristobal,https://www.wikidata.org/entity/Q2056478,"59, 79,",Sin Renfe,ACCESSIBLE,http://www.madrid.es/sites/v/index.jsp?vgnextchannel=bfa48ab43d6bb410VgnVCM100000171f5a0aRCRD&vgnextoid=7f4a79262ef5d010VgnVCM1000000b205a0aRCRD,PLAZA PINAZO,,9,Villaverde,https://www.wikidata.org/entity/Q919536,40.34233618931469,-3.6905504735084342,917 100 692 / 917 100 413,ccscangeles@madrid.es,CentrosCulturales
1935,Centro Sociocultural San Fermin (Usera),,,"De lunes a viernes, de 10 a 14 y de 16 a 19 horas. Julio, de lunes a viernes, de 9 a 16 horas.  Fuera de este horario el centro permanecera abierto durante la celebracion de las actividades que se programen.",San Fermin-Orcasur,https://www.wikidata.org/entity/Q2057787,"23, 78, 123",Sin Renfe,ACCESSIBLE,http://www.madrid.es/sites/v/index.jsp?vgnextchannel=bfa48ab43d6bb410VgnVCM100000171f5a0aRCRD&vgnextoid=1b5b1e79ee71c010VgnVCM1000000b205a0aRCRD,Calle de la Estafeta,,33,Usera,https://www.wikidata.org/entity/Q953368,40.371654294908154,-3.692056897625109,917 920 111,ccsanfermin@madrid.es,CentrosCulturales
117716,Centro Sociocultural Santa Petronila (Villaverde),,,"El Centro Sociocultural Santa Petronila estara abierto de 9:00 a 21:30 h ininterrumpidamente, de lunes a viernes, y los sabados de 9:30 a 13:00. Agosto permanece cerrado. Horario de atencion al publico, secretaria:  lunes a viernes de 9:30 a 14:00 h y de lunes a jueves de 16 a 18 horas. Durante el mes de julio el horario sera de 9:00 a 14:00 horas, de lunes a viernes. Telefonos de atencion al publico; Informacion General: 917 791 204 o ccspetronila@madrid.es Administracion: 917 100 309 y 917 109 228",Villaverde Bajo-Cruce,https://www.wikidata.org/entity/Q2056616,"59 , 79 , 85 , 123 ",Villaverde Bajo,ACCESSIBLE,http://www.madrid.es/sites/v/index.jsp?vgnextchannel=bfa48ab43d6bb410VgnVCM100000171f5a0aRCRD&vgnextoid=03f7cbf06c81c010VgnVCM1000000b205a0aRCRD,CALLE MARIA MARTINEZ OVIOL,,12,Villaverde,https://www.wikidata.org/entity/Q919536,40.35087114162283,-3.691508909255186,917 791 204,ccspetronila@madrid.es,CentrosCulturales
1937,Centro Sociocultural Talleres de Creatividad (Puente de Vallecas),,,"De lunes a viernes, de 9 a 13:45 y de 17 a 18:45 horas. Julio, de lunes a viernes, de 9 a 14 horas. Agosto cerrado.   Fuera de este horario el centro permanecera abierto durante la celebracion de las actividades que se programen.",Nueva Numancia,https://www.wikidata.org/entity/Q2696516,"111, 24, 310",Sin Renfe,NOT ACCESSIBLE,http://www.madrid.es/sites/v/index.jsp?vgnextchannel=bfa48ab43d6bb410VgnVCM100000171f5a0aRCRD&vgnextoid=b7ab1e79ee71c010VgnVCM1000000b205a0aRCRD,CALLE SIERRA CARBONERA,,74,Puente de Vallecas,https://www.wikidata.org/entity/Q2003054,40.39010138870244,-3.6653235716960015,917 570 189 / 917 570 240,ctcepvallecas@madrid.es,CentrosCulturales
1971,Centro Sociocultural Teresa de Calcuta (Barajas),,,"De lunes a viernes, de 9 a 14 y de 15 a 17 horas.  Fuera de este horario el centro permanecera abierto durante la celebracion de las actividades que se programen.",Alameda de Osuna,https://www.wikidata.org/entity/Q2403543,"112, 114, 115, 166, 151, 101",Sin Renfe,ACCESSIBLE,http://www.madrid.es/sites/v/index.jsp?vgnextchannel=bfa48ab43d6bb410VgnVCM100000171f5a0aRCRD&vgnextoid=f50e1e79ee71c010VgnVCM1000000b205a0aRCRD,PLAZA NAVIO,,4,Barajas,https://www.wikidata.org/entity/Q807230,40.455320740232835,-3.5876301858469386,913 295 920,ccteresacalcuta@madrid.es,CentrosCulturales
1948,Centro Sociocultural Tetuan,,,"De lunes a jueves, de 9:30 a 13:30 y de 16:30 a 18 horas. Viernes de 9:30 a 13:30 horas. Julio, solo mananas. Agosto cerrado.   Fuera de este horario el centro permanecera abierto durante la celebracion de las actividades que se programen.",Tetuan,https://www.wikidata.org/entity/Q515413,"66, 124",Sin Renfe,ACCESSIBLE,http://www.madrid.es/sites/v/index.jsp?vgnextchannel=bfa48ab43d6bb410VgnVCM100000171f5a0aRCRD&vgnextoid=0ecb1e79ee71c010VgnVCM1000000b205a0aRCRD,Calle de Bravo Murillo,https://www.wikidata.org/entity/Q5740815,251,Tetuan,https://www.wikidata.org/entity/Q1773540,40.45907909580629,-3.7002532146213043,915 790 851,csctetuan@madrid.es,CentrosCulturales
1923,Centro Sociocultural Valle Inclan (Fuencarral - El Pardo),,,Centro: de lunes a viernes de 9 a 14 y de 16 a 21 h  Secretaria Talleres: de lunes a viernes de 9 a 13:30 y de 16 a 18.,Sin metro,,"67 , 132",Sin Renfe,ACCESSIBLE,http://www.madrid.es/sites/v/index.jsp?vgnextchannel=bfa48ab43d6bb410VgnVCM100000171f5a0aRCRD&vgnextoid=aa1c1e79ee71c010VgnVCM1000000b205a0aRCRD,CALLE ARZOBISPO MORCILLO,,7,Fuencarral-El Pardo,https://www.wikidata.org/entity/Q656196,40.48106787416528,-3.6933504628706095,913 230 805,ccvalleinclan@madrid.es,CentrosCulturales
1908,Centro Sociocultural Valverde (Fuencarral - El Pardo),,,Centro: de lunes a viernes de 9 a 14 y de 16:30 a 22 h  Secretaria: de lunes a viernes de 9 a 13:30 y de 16:30 a 18:30 h.,Fuencarral,https://www.wikidata.org/entity/Q2059161,"66, 137",Sin Renfe,ACCESSIBLE,http://www.madrid.es/sites/v/index.jsp?vgnextchannel=bfa48ab43d6bb410VgnVCM100000171f5a0aRCRD&vgnextoid=f04c1e79ee71c010VgnVCM1000000b205a0aRCRD,PLAZA ISLAS AZORES,,1,Fuencarral-El Pardo,https://www.wikidata.org/entity/Q656196,40.49504564211655,-3.6880070256093758,917 364 760,ccvalverde@madrid.es,CentrosCulturales
4679597,Centro Sociocultural Vicalvaro,,,"De lunes a viernes, de 9 a 14 horas y de 17 a 19 horas.  De 15 junio a 31 julio y de 1 a 15 septiembre, de lunes a viernes, de 9 a 14 horas. Semana San Isidro, de lunes a viernes, de 9 a 14 horas. Agosto cerrado.  Fuera de este horario el centro permanecera abierto durante la celebracion de las actividades que se programen.",Vicalvaro Station - Rey Juan Carlos University,https://www.wikidata.org/entity/Q2479859,"106, 4, E3",Sin Renfe,NOT ACCESSIBLE,http://www.madrid.es/sites/v/index.jsp?vgnextchannel=bfa48ab43d6bb410VgnVCM100000171f5a0aRCRD&vgnextoid=05ec3ef2c5ff5110VgnVCM1000000b205a0aRCRD,CALLE LAGO TITICACA,,10,Vicalvaro,https://www.wikidata.org/entity/Q589403,40.40219442341818,-3.6084585863003733,917 753 200 / 917 753 201,cscvicalvaro@madrid.es,CentrosCulturales
1996,Centro Sociocultural agata (Villaverde),,,El horario del Centro Sociocultural agata es: de lunes a viernes de 8:30 a 21:30 horas  y los sabados de 9:30 a 13:30 horas. El horario de secretaria es: de lunes a viernes de 9:00  a 13:30 horas  y  el horario de tarde lunes miercoles y jueves de 17:00 a 19:30 horas.  Durante el mes de  julio  y Navidad el horario de secretaria sera  de 9:00 a 14:00 horas.  Telefono del Centro Sociocultural: 91 710 93 00. Telefono de Secretaria: 91 710 92 00.,Sin metro,,"22 , 79 , 86 , 130 , 131",Sin Renfe,ACCESSIBLE,http://www.madrid.es/sites/v/index.jsp?vgnextchannel=bfa48ab43d6bb410VgnVCM100000171f5a0aRCRD&vgnextoid=d9743d0b5e71c010VgnVCM1000000b205a0aRCRD,CALLE DOCTOR MARTIN AREVALO,,2,Villaverde,https://www.wikidata.org/entity/Q919536,40.34636268334182,-3.708524395897377,917 109 300,ccagata@madrid.es,CentrosCulturales
1916,Centro de Cultura Contemporanea Conde Duque,,"El Centro de Cultura Contemporanea Condeduque, de adscripcion municipal, se plantea como un espacio de acceso a la cultura contemporanea a traves de una programacion diversa e innovadora. Un lugar de vida, un centro publico para difundir y compartir practicas artisticas y culturales, abierto a toda la ciudadania de Madrid.","Centro: lunes a sabado, de 9 a 21 horas. Domingos y festivos, de 10:30 a 14 horas. Lunes, cerrados las salas exposiciones y las taquillas. Cerrado 24, 25 y 31 diciembre y 1 enero.   Exposiciones: martes a sabado, de 10 a 14 y de 17:30 a 21 horas. Domingos y festivos, de 10:30 a 14 hotas.   Taquilla: de 17:30 a 20:30 horas, de martes a viernes. Los fines de semana la taquilla abrira dos horas antes del inicio de la funcion.",Ventura Rodriguez,https://www.wikidata.org/entity/Q2378663,"002, 001, 1, 133, 138, 2, 44, C1, 74m C2, 21, C03.  ",Sin Renfe,ACCESSIBLE,http://www.madrid.es/sites/v/index.jsp?vgnextchannel=bfa48ab43d6bb410VgnVCM100000171f5a0aRCRD&vgnextoid=64463d0b5e71c010VgnVCM1000000b205a0aRCRD,calle del Conde Duque,https://www.wikidata.org/entity/Q27031730,9,Centro,https://www.wikidata.org/entity/Q1763376,40.42739911262292,-3.710589286287491,Sin telefono,Sin email,MonumentosEdificiosArtisticos
11526686,Centro de Educacion Ambiental y Cultural Maris Stella (Usera),,,"Octubre a marzo   De martes a sabado de 10 a 14 y 15:30 a 18 horas. Domingos  y festivos, de 10 a 14:0 horas.   Abril, mayo, junio y septiembre   De martes a sabado, de 10 a 14 y de 17 a 19:30 horas.  Domingos  y festivos, de 10 a 14 horas.    Julio   De martes a domingo y festivos, de 10 a 14 horas.   Agosto cerrado.",Hospital 12 de Octubre,https://www.wikidata.org/entity/Q929500,"121, 81  ",Doce de Octubre (C5)  METRO: Hospital 12 de Octubre (linea 3),ACCESSIBLE,http://www.madrid.es/sites/v/index.jsp?vgnextchannel=bfa48ab43d6bb410VgnVCM100000171f5a0aRCRD&vgnextoid=85205619bc23d710VgnVCM2000001f4a900aRCRD,CALLE DOCTOR TOLOSA LATOUR,,16,Usera,https://www.wikidata.org/entity/Q953368,40.374166248648216,-3.7032220308808577,914 801 318,centro.marisstella@madrid.es,CentrosCulturales
6013703,CentroCentro,https://www.wikidata.org/entity/Q56426764,"CentroCentro es un centro publico de cultura y ocio conectado con la ciudad y la vida urbana, ubicado en el emblematico Palacio de Cibeles, antiguo Palacio de Comunicaciones, sede actual del Ayuntamiento de Madrid. Su propuesta plantea el dialogo entre disciplinas &amp;ndash;diseno, ilustracion, arte, fotografia, urbanismo, arquitectura, musica, literatura, historia&amp;ndash; con el objetivo de activar el pensamiento critico ante los desafios del presente y del futuro. Su programacion busca generar nuevos modos de relacionarnos con la cultura, desde la reflexion intelectual y desde la diversion, provocando la curiosidad de un publico cada vez mas diverso. CentroCentro un espacio vivo y efervescente. Lo vertebran: la arquitectura y la historia que lo envuelven, la creatividad que llena sus salas y las actividades que hacen vibrar el palacio. En CentroCentro hay exposiciones, conciertos, talleres, visitas guiadas, eventos, el Centro de Interpretacion del Paisaje de la Luz, un punto de informacion turistica, tienda, cafeteria y restaurante, areas sociales y un mirador con vistas unicas. Aqui siempre encontraras un buen plan. CentroCentro hace de Madrid su foco y materia basica de estudio; tarjeta de presentacion de la ciudad, desde el corazon del Paseo del Arte, quiere ser la mejor estacion de llegada y de partida para conocer y sentir su pulso cultural.","Exposiciones   Martes a domingo: de 10 a  20 horas. Las salas se desalojaran 15 minutos antes del cierre del centro. Cerrado todos los lunes, 1 y 6 de enero, 1 de mayo y 24, 25 y 31 de diciembre. 5 de enero abierto en horario de manana.",Banco de Espana,https://www.wikidata.org/entity/Q2481227,"E1, 203, 14, 27, 37, 45, C03, 1, 146, 15, 2, 20, 51, 52, 74, 9, 10, 34, 001  ",Sin Renfe,ACCESSIBLE,http://www.madrid.es/sites/v/index.jsp?vgnextchannel=bfa48ab43d6bb410VgnVCM100000171f5a0aRCRD&vgnextoid=5ff519cd7bcee210VgnVCM1000000b205a0aRCRD,plaza de Cibeles,https://www.wikidata.org/entity/Q1537446,1,Retiro,https://www.wikidata.org/entity/Q2002296,40.41902261618159,-3.692188193693138,914 800 008 / 010 (915 298 210 si llama desde fuera del municipio de Madrid),info@centrocentro.org,CentrosCulturales
10799518,Espacio Abierto Quinta de los Molinos,,,"De 10 a 20 horas, de miercoles a domingos. Horario de verano (julio y agosto): De 10 a 21 horas, de miercoles a domingos. Festivos cerrado.",Suanzes,https://www.wikidata.org/entity/Q2481009,"77 y 104 (en la calle Alcala ) / 114 y 146 (por la calle Juan Ignacio Luca de Tena, que es el acceso mas directo al centro)  Accesos al parque: tiene cinco puertas, en las calles Alcala, Juan Ignacio Luca de Tena, Avenida 25 de Septiembre y Miami.",Sin Renfe,"ACCESSIBLE,MAGNETIC LOOP",http://www.madrid.es/sites/v/index.jsp?vgnextchannel=bfa48ab43d6bb410VgnVCM100000171f5a0aRCRD&vgnextoid=80ddc8acadd56610VgnVCM2000001f4a900aRCRD,CALLE JUAN IGNACIO LUCA DE TENA,,20,San Blas-Canillejas,https://www.wikidata.org/entity/Q2001937,40.44774002225867,-3.6292874542291638,913 184 590,info@espacioabiertoqm.com,CentrosCulturales
11575320,"Espacio Cultural Nunez de Balboa, 40 (Salamanca)",,,"Horario de atencion al publico:  De lunes a viernes de 7:45 a 20:45 horas. Sabados de 9:30 a 14 horas y de 16 a 20:45 horas. Domingos de 9:30 a 20:45 horas.  Julio, agosto y septiembre:  De lunes a viernes: horario de apertura al publico 7:45 a 20:45 horas. Sabados y domingos cerrado.  Fuera de este horario el centro permanecera abierto durante la celebracion de las actividades que se programen.",Velazquez,https://www.wikidata.org/entity/Q2481170,"1, 9, 19, 21, 51, 53, 74  ",Sin Renfe,ACCESSIBLE,http://www.madrid.es/sites/v/index.jsp?vgnextchannel=bfa48ab43d6bb410VgnVCM100000171f5a0aRCRD&vgnextoid=aab225880cd6e710VgnVCM2000001f4a900aRCRD,Nunez de Balboa Street,https://www.wikidata.org/entity/Q28065000,40,Salamanca,https://www.wikidata.org/entity/Q1773521,40.426826159507435,-3.6825349481985135,913 982 399,ccemiliapardobazan@madrid.es,SalasEstudioLectura
11681451,Espacio Cultural Serreria Belga,,"Este nuevo centro cultural del Ayuntamiento de Madrid tiene como objetivo convertirse en un punto de encuentro para agentes y profesionales de la cultura y en un referente municipal en el entorno cultural del Paseo del Arte y el Barrio de las Letras, donde se encuentra situado. Sus instalaciones son el escaparate perfecto para mostrar el dinamismo creativo madrileno en torno al arte, la musica, el diseno, la literatura, la imagen y la gastrocultura.  El singular edificio de arquitectura industrial, construido en el primer cuarto del siglo XX, que acoge este espacio fue la sede de la antigua Serreria Belga. Un importante ejemplo de construccion industrial que forma parte de la lista de inmuebles destacados que componen el Paisaje de la Luz madrileno, reconocido como Patrimonio de la Humanidad por la UNESCO desde el 25 de julio de 2021. Tras una profunda reforma, sus cerca de 4000 m2 se dedicaran a ofrecer una amplia oferta cultural, destacando una planta completa de mas de 300 m2 para exposiciones artisticas y una amplia zona dedicada a la poesia, la literatura y al papel de Madrid como capital literaria a lo largo de los siglos. Todas las actividades del Espacio Cultural Serreria Belga son gratuitas.  Para aquellas actividades que requieran acceso con entrada consultar www.serreria-belga.es",,Estacion del Arte,https://www.wikidata.org/entity/Q2016175,"6, 10, 14, 19, 26, 27, 32, 34, 37, 45  ","Atocha (lineas C1, C2, C3, C4, C5, C7, y C10).  ",ACCESSIBLE,http://www.madrid.es/sites/v/index.jsp?vgnextchannel=bfa48ab43d6bb410VgnVCM100000171f5a0aRCRD&vgnextoid=c3c0f13cd18a0810VgnVCM1000001d4a900aRCRD,Calle Victor Lamas,https://www.wikidata.org/entity/Q5740784,15,Centro,https://www.wikidata.org/entity/Q1763376,40.4105673503608,-3.6937819843413373,915 787 758,hola@serreria-belga.es,CentrosCulturales
10915700,Espacio Polivalente Embajadores,,,,Sin metro,,"25 , 31 , 33 , 36 , 39 , 41 , 50 , 65 , 138 , C",Sin Renfe,NOT ACCESSIBLE,http://www.madrid.es/sites/v/index.jsp?vgnextchannel=bfa48ab43d6bb410VgnVCM100000171f5a0aRCRD&vgnextoid=a0103e641a099610VgnVCM1000001d4a900aRCRD,"Calle de Embajadores, Madrid",https://www.wikidata.org/entity/Q5740826,18,Centro,https://www.wikidata.org/entity/Q1763376,40.40974351501623,-3.7062002853639266,Sin telefono,Sin email,CentrosEspaciosDeporte
1915,Fernan Gomez Centro Cultural de la Villa,https://www.wikidata.org/entity/Q56426930,,,Colon,https://www.wikidata.org/entity/Q2481248,"14, 150, 27, 45, 5, 21, 37, C03, 53  ",Recoletos  ,"ACCESSIBLE,MAGNETIC LOOP",http://www.madrid.es/sites/v/index.jsp?vgnextchannel=bfa48ab43d6bb410VgnVCM100000171f5a0aRCRD&vgnextoid=ba663d0b5e71c010VgnVCM1000000b205a0aRCRD,plaza de Colon,https://www.wikidata.org/entity/Q970525,4,Salamanca,https://www.wikidata.org/entity/Q1773521,40.4249721516942,-3.689948085098791,"914 362 540 / 913 184 630 / 913 184 631 (Centralita)
913 184 631 (Informacion programacion)",info.tfg@teatrofernangomez.es,Teatros
4684678,Matadero Madrid,https://www.wikidata.org/entity/Q4043800,,"Punto de informacion al visitante: de lunes a domingo, de 9:30 a 21:30 horas. Plaza Matadero, calle Matadero y Placita, entrada libre de lunes a domingo, de 9 a 22 horas. Mas informacion en Matadero Madrid",Legazpi,https://www.wikidata.org/entity/Q2056839,"123, 22, 79, 148, 18, 6, 78, 45, 8, 19, 247, 47, 59, 62, 76, 85, 86, 156, 180, T32  ","Embajadores   METRO: Legazpi (lineas 3, 6)  ",ACCESSIBLE,http://www.madrid.es/sites/v/index.jsp?vgnextchannel=bfa48ab43d6bb410VgnVCM100000171f5a0aRCRD&vgnextoid=ef686a9ee7336110VgnVCM1000000b205a0aRCRD,Legazpi,https://www.wikidata.org/entity/Q5547886,8,Arganzuela,https://www.wikidata.org/entity/Q2000929,40.39130985242181,-3.6958028442054074,913 184 670,info@mataderomadrid.org,SalasExposiciones
4776440,Medialab en Matadero. Matadero Madrid,,"Medialab Matadero es un programa del area de Gobierno de Cultura, Turismo y Deporte del Ayuntamiento de Madrid creado en 2002. Ubicado en un espacio cultural unico, el centro de creacion contemporanea Matadero Madrid, Medialab Matadero es una plataforma institucional de investigacion, creacion y produccion experimental impulsada por la dinamica del Procomun.",,Legazpi,https://www.wikidata.org/entity/Q2056839,"148, 18, 6, 78, 62, 19, 247, 45, 47, 59, 76, 8, 85, 86.  ",Sin Renfe,ACCESSIBLE,http://www.madrid.es/sites/v/index.jsp?vgnextchannel=bfa48ab43d6bb410VgnVCM100000171f5a0aRCRD&vgnextoid=79f59dacff4d7110VgnVCM1000000b205a0aRCRD,"Paseo de la Chopera, Madrid",https://www.wikidata.org/entity/Q27044458,14,Arganzuela,https://www.wikidata.org/entity/Q2000929,40.39245798191536,-3.6972067902718897,913 184 670,info.m@medialab-matadero.es,CentrosCulturales
10189992,Nave de Terneras del Centro Cultural Casa del Reloj,,,Agosto cerrado.,Legazpi,https://www.wikidata.org/entity/Q2056839,"62, 6, 78, 148  BICIMAD: Estacion 165 (Paseo Chopera, 14)",Sin Renfe,ACCESSIBLE,http://www.madrid.es/sites/v/index.jsp?vgnextchannel=bfa48ab43d6bb410VgnVCM100000171f5a0aRCRD&vgnextoid=6c5c625c0d168510VgnVCM1000001d4a900aRCRD,"Paseo de la Chopera, Madrid",https://www.wikidata.org/entity/Q27044458,10,Arganzuela,https://www.wikidata.org/entity/Q2000929,40.393432756132874,-3.6985778802913103,915 886 299 / 915 886 118,Sin email,CentrosCulturales
11956343,Sala de exposiciones La Lonja. Centro Cultural Casa del Reloj (Arganzuela),,,De lunes a sabado de 9 a 21 horas,Legazpi,https://www.wikidata.org/entity/Q2056839,"62, 6, 78, 148  BICIMAD: Estacion 165 (Paseo Chopera, 14)",Sin Renfe,ACCESSIBLE,http://www.madrid.es/sites/v/index.jsp?vgnextchannel=bfa48ab43d6bb410VgnVCM100000171f5a0aRCRD&vgnextoid=3de6d4ddebac6810VgnVCM1000001d4a900aRCRD,"Paseo de la Chopera, Madrid",https://www.wikidata.org/entity/Q27044458,10,Arganzuela,https://www.wikidata.org/entity/Q2000929,40.39307289237465,-3.699005654074825,915 886 299 / 915 886 118,Sin email,SalasExposiciones
11601456,Salas de ensayo Pau Dones y Luis Eduardo Aute (Salamanca),,Sala 1: Pau Dones  Sala 2: Luis Eduardo Aute,"Viernes, de 16 a 21 horas. Sabado, de 11 a 14 y de 16 a 21 horas.",O'Donnell,https://www.wikidata.org/entity/Q2479913,"28, E2, E3, 15, 215, 26, 61, 63, C2, E4, E5  ",Sin Renfe,"ACCESSIBLE,TACTILE PAVING",http://www.madrid.es/sites/v/index.jsp?vgnextchannel=bfa48ab43d6bb410VgnVCM100000171f5a0aRCRD&vgnextoid=3f00d661fc60f710VgnVCM1000001d4a900aRCRD,"Calle del Alcalde Sainz de Baranda, Madrid",https://www.wikidata.org/entity/Q28070977,94,Salamanca,https://www.wikidata.org/entity/Q1773521,40.42121783502117,-3.6607653462118437,915 884 012,localensayosalamanca@madrid.es,CentrosCulturales
11701924,Salon y sala de exposiciones en Junta Municipal de Usera,,,"De lunes a viernes, de 9 a 13 y de 17 a 19:30 horas (en Centro cultural Usera I).  Agosto cerrado.  Fuera de este horario el centro permanecera abierto durante la celebracion de las actividades que se programen.",Plaza Eliptica,https://www.wikidata.org/entity/Q782113,"6, 60, 81",Sin Renfe,PARTIALLY ACCESSIBLE,http://www.madrid.es/sites/v/index.jsp?vgnextchannel=bfa48ab43d6bb410VgnVCM100000171f5a0aRCRD&vgnextoid=5fb8370bbde11810VgnVCM1000001d4a900aRCRD,avenida de Rafaela Ybarra,https://www.wikidata.org/entity/Q110749248,41,Usera,https://www.wikidata.org/entity/Q953368,40.3823867401053,-3.710861696949648,915 887 214,ccusera@madrid.es,SalasExposiciones
